,precision,recall,f1-score,support
ACCOUNTANT,0.8947368421052632,0.9444444444444444,0.918918918918919,18.0
ADVOCATE,0.9411764705882353,0.8888888888888888,0.9142857142857143,18.0
AGRICULTURE,0.6666666666666666,0.4444444444444444,0.5333333333333333,9.0
APPAREL,0.8,0.5333333333333333,0.64,15.0
ARTS,0.5384615384615384,0.4666666666666667,0.5,15.0
AUTOMOBILE,1.0,0.2,0.3333333333333333,5.0
AVIATION,0.9333333333333333,0.7777777777777778,0.8484848484848485,18.0
BANKING,0.8125,0.7647058823529411,0.7878787878787878,17.0
BPO,1.0,0.6666666666666666,0.8,3.0
BUSINESS-DEVELOPMENT,0.9,1.0,0.9473684210526315,18.0
CHEF,1.0,0.7222222222222222,0.8387096774193549,18.0
CONSTRUCTION,0.8888888888888888,0.9411764705882353,0.9142857142857143,17.0
CONSULTANT,0.65,0.7647058823529411,0.7027027027027027,17.0
DESIGNER,0.9333333333333333,0.875,0.9032258064516129,16.0
DIGITAL-MEDIA,0.8,0.5714285714285714,0.6666666666666666,14.0
ENGINEERING,0.7272727272727273,0.8888888888888888,0.8,18.0
FINANCE,0.875,0.7777777777777778,0.8235294117647058,18.0
FITNESS,0.7368421052631579,0.7777777777777778,0.7567567567567568,18.0
HEALTHCARE,0.7368421052631579,0.8235294117647058,0.7777777777777778,17.0
HR,0.9411764705882353,0.9411764705882353,0.9411764705882353,17.0
INFORMATION-TECHNOLOGY,0.75,1.0,0.8571428571428571,18.0
PUBLIC-RELATIONS,0.7,0.8235294117647058,0.7567567567567568,17.0
SALES,0.5833333333333334,0.8235294117647058,0.6829268292682927,17.0
TEACHER,0.7058823529411765,0.8,0.75,15.0
