preprocess,ngram,model,split,accuracy,precision_macro,recall_macro,f1_macro,f1_weighted
light,"(1, 1)",MultinomialNB,val,0.5027,0.4693,0.4548,0.4153,0.4566
light,"(1, 1)",MultinomialNB,test,0.4933,0.47,0.4446,0.4043,0.4449
light,"(1, 1)",LogisticRegression,val,0.6237,0.5988,0.5798,0.5636,0.6016
light,"(1, 1)",LogisticRegression,test,0.622,0.6114,0.5899,0.57,0.5911
light,"(1, 1)",LinearSVC,val,0.6909,0.665,0.6445,0.6306,0.6725
light,"(1, 1)",LinearSVC,test,0.6836,0.6773,0.645,0.6263,0.6571
light,"(1, 2)",MultinomialNB,val,0.5134,0.485,0.4643,0.4186,0.4598
light,"(1, 2)",MultinomialNB,test,0.4987,0.5103,0.4501,0.4106,0.4507
light,"(1, 2)",LogisticRegression,val,0.6022,0.5652,0.5579,0.5299,0.5668
light,"(1, 2)",LogisticRegression,test,0.6086,0.6454,0.574,0.5553,0.5807
light,"(1, 2)",LinearSVC,val,0.6586,0.669,0.611,0.5947,0.6356
light,"(1, 2)",LinearSVC,test,0.6729,0.663,0.634,0.6175,0.6481
standard,"(1, 1)",MultinomialNB,val,0.5081,0.4646,0.4595,0.4173,0.4589
standard,"(1, 1)",MultinomialNB,test,0.4879,0.4641,0.4399,0.3989,0.439
standard,"(1, 1)",LogisticRegression,val,0.621,0.5968,0.5775,0.5614,0.5993
standard,"(1, 1)",LogisticRegression,test,0.6166,0.6076,0.5873,0.5692,0.5882
standard,"(1, 1)",LinearSVC,val,0.6962,0.6655,0.6493,0.6358,0.6784
standard,"(1, 1)",LinearSVC,test,0.6729,0.6787,0.635,0.617,0.6461
standard,"(1, 2)",MultinomialNB,val,0.5242,0.4896,0.4744,0.4296,0.4716
standard,"(1, 2)",MultinomialNB,test,0.5067,0.4967,0.4577,0.4177,0.4584
standard,"(1, 2)",LogisticRegression,val,0.6048,0.6088,0.5609,0.5383,0.5747
standard,"(1, 2)",LogisticRegression,test,0.6193,0.6664,0.5812,0.5613,0.5899
standard,"(1, 2)",LinearSVC,val,0.6774,0.6821,0.6289,0.6118,0.6541
standard,"(1, 2)",LinearSVC,test,0.681,0.6919,0.6427,0.6246,0.6539
lemma,"(1, 1)",MultinomialNB,val,0.5081,0.4686,0.4599,0.4197,0.4609
lemma,"(1, 1)",MultinomialNB,test,0.4933,0.4683,0.4446,0.404,0.4448
lemma,"(1, 1)",LogisticRegression,val,0.6317,0.6081,0.5899,0.5767,0.6125
lemma,"(1, 1)",LogisticRegression,test,0.6247,0.6195,0.5969,0.5793,0.5974
lemma,"(1, 1)",LinearSVC,val,0.6882,0.6769,0.6456,0.6336,0.6683
lemma,"(1, 1)",LinearSVC,test,0.6649,0.675,0.6272,0.6132,0.6421
lemma,"(1, 2)",MultinomialNB,val,0.5296,0.5357,0.4792,0.4374,0.4798
lemma,"(1, 2)",MultinomialNB,test,0.504,0.493,0.4548,0.4151,0.4559
lemma,"(1, 2)",LogisticRegression,val,0.6022,0.5968,0.5585,0.5393,0.5758
lemma,"(1, 2)",LogisticRegression,test,0.6193,0.6742,0.5835,0.5664,0.5932
lemma,"(1, 2)",LinearSVC,val,0.6747,0.6838,0.6258,0.6092,0.6512
lemma,"(1, 2)",LinearSVC,test,0.6676,0.6307,0.6305,0.6115,0.6407
