id,true,pred,confidence,split,text_preview,correct,n_words
25935030,ACCOUNTANT,BUSINESS-DEVELOPMENT,0.0619,test,ACCOUNTANT Summary Reliable Customer Service Representative with extensive track record in demanding sales and account management environments. Personable and responsible Cashier with 2 years in retail and customer servi...,False,750
25547145,ACCOUNTANT,SALES,0.0725,test,"SUPERVISOR, ACCOUNTANT Professional Summary Motivated sales professional with 10+ years sales representative experience. Customer service and sales expert. Qualified with 10 plus years in fast-paced customer service and ...",False,909
10818478,ADVOCATE,APPAREL,0.0692,test,EXPRESS SCRIPTS Summary Responsible and mature Retail Sales Consultant who thrives in fast-paced environments. Enjoys working as part of a team to achieve sales goals. Accomplishments Fulfilled all supervisory duties whe...,False,311
19108760,ADVOCATE,BUSINESS-DEVELOPMENT,0.0915,test,PATIENT ADVOCATE /CLINICAL CARE COORDINATOR Career Focus Selling capital equipment computer hardware and software to corporate accounts. Supporting management and staff in developing and maintaining market share through ...,False,1088
14708590,ADVOCATE,HEALTHCARE,0.0916,test,"SERVICE ADVOCATE IV- CLINICAL SUPPORT Summary Over 10 years of the insurance industry experience. Strong analytical, documentation and research skills. Highlights Extensive insurance industry and regulatory compliance kn...",False,731
46772262,ADVOCATE,HEALTHCARE,0.0865,test,PRACTICUM EXPERIENCE Summary Nurse Practitioner focused on providing quality care and maintaining direct lines of communication with patients and the entire health-care team. Superb interpersonal and leadership skills an...,False,645
38698573,ADVOCATE,HR,0.0964,test,"HUMAN RESOURCES PROFESSIONAL Professional Summary Experienced working in fast-paced environments demanding strong organizational, technical, and interpersonal skills. Highly trustworthy, ethical, and discreet; committed ...",False,763
78538268,ADVOCATE,PUBLIC-RELATIONS,0.0622,test,"COMMUNITY RELATIONS ADVOCATE SUPERVISOR Summary To be afforded the opportunity to apply my advanced administrative, problem solving, organizational and sales abilities towards achieving continuous, improved business perf...",False,644
36102323,AGRICULTURE,ADVOCATE,0.0655,test,RESEARCH MOLECULAR/RESEARCH MICROBIOLOGIST/RESEARCH ECOLOGIST (RESEARCH ASSOCIATE) Professional Summary Fully credentialed LPN with experience providing compassionate care in a hospital environment. Experienced LPN licen...,False,1072
40882926,AGRICULTURE,PUBLIC-RELATIONS,0.0774,test,"COMMUNICATIONS DIRECTOR/EVENT PLANNER Professional Experience Communications Director/Event Planner January 2008 to April 2014 Company Name － City , State Created and launched a comprehensive communications program for D...",False,624
35571205,APPAREL,CONSTRUCTION,0.0801,test,"GROCERY CLERK Experience Grocery Clerk , 07/2012 to 05/2014 Company Name – City , State Used pallet jacks and hand trucks to move merchandise to the sales floor for stocking. Checked product shelves to make sure that the...",False,1091
23719943,APPAREL,DESIGNER,0.1198,test,"SR. FREELANCE DESIGNER/PRODUCT DEVELOPMENT MANAGER Summary Product Development Manager/Sr. Designer of Apparel, Packaging, and Graphics. Responsible for delivering the fashion needs on a wide range of products. Ability t...",False,729
15154822,APPAREL,DESIGNER,0.0947,test,"CREATIVE DIRECTOR & FASHION DESIGNER Summary Passionate about the fashion industry, I wish to deploy my skills by working with a dedicated and innovative team of designers and fashion professionals. Seeking to obtain a c...",False,692
30344127,APPAREL,ENGINEERING,0.084,test,"SENIOR MATERIALS ANALYST Summary Requirements for this position include: Bachelor's Degree in Business, Management, or related field Minimum 5 years' directly relevant work or related experience 2 additional years' exper...",False,950
31761591,APPAREL,FITNESS,0.096,test,MEMBERSHIP SALES REPRESENTATIVE Professional Profile Motivated professional with over twenty years of experience in business management and customer service seeking Front Desk Manager position at The Claremont Club. Abil...,False,868
35603950,APPAREL,HR,0.0667,test,"ASSISTANT STORE MANAGER OF OPERATIONS AND HUMAN RESOURCES Highlights SKILLS / STRENGTHS Computer Peoplesoft, Kronos payroll management system, Microsoft Word, Excel, Access, and PowerPoint, entry level HTML Professional ...",False,925
70750649,APPAREL,PUBLIC-RELATIONS,0.1531,test,"DIRECTOR OF PR & SOCIAL MEDIA Executive Profile Dynamic and results-driven Senior Public Relations Executive with over 7 years of experience in impacting brand presence, performance and profitability internationally. Str...",False,1205
22249155,APPAREL,SALES,0.0883,test,EMBROIDERY MACHINE OPERATOR Summary To find employment with a good reputable company with a chance to advance to the best of my abilities and job skills. Skills Customer Service Cashier Pharmacy Sales Associate Embroider...,False,650
16500168,APPAREL,SALES,0.0666,test,"BEAUTY ADVISOR, MAKEUP ARTIST Summary I place great importance on working hard and being a reliable person. Therefore an employer can expect high quality performance and punctuality. I consider myself a student in every ...",False,845
26046878,APPAREL,SALES,0.0661,test,"SALES CONSULTANT Summary Talented sales professional who effectively multi-tasks and balances customer needs with company demands. Efficiently builds loyalty and long-term relationships with customers, while consistently...",False,647
17659053,APPAREL,SALES,0.0545,test,CUSTOMER SERVICE SPECIALIST Summary Detail-oriented individual with strong technical skills and the ability to learn concepts quickly. Proficient and adaptable; looking for an opportunity to use my knowledge and experien...,False,921
25157655,ARTS,ADVOCATE,0.057,test,"INSIDE ACCOUNT MANAGER Summary Inside Account Manager with eight years experience at SHI to fill Inside Sales Team Manager position. Strong organizational, analytical, problem resolution skills and vast account knowledge...",False,244
73030450,ARTS,BPO,0.0778,test,SENIOR NETWORK SECURITY ENGINEER https://www.linkedin.com/in/dilip-nr/ Professional Summary Overall 7+ years of experience in Network and Security Engineering which includes strong hands-on experience with Palo Alto Fire...,False,657
21867728,ARTS,DIGITAL-MEDIA,0.0753,test,"SENIOR MARKETING AUTOMATION CONSULTANT Summary I am a passionate and technically-skilled marketing automation consultant, committed to building trusted relationships with clients, vendors, colleagues, and people who drea...",False,789
38115035,ARTS,HEALTHCARE,0.0823,test,"MEDICAL BILLING SPECIALIST Skill Highlights Microsoft Office products such as Word, Excel, Access, and PowerPoint Can type 60 words per minute Experience with face-to-face customer service interaction Experience with com...",False,813
39608848,ARTS,PUBLIC-RELATIONS,0.0847,test,"MARKETING MANAGER Summary To use my skills, knowledge and enthusiasm to advance the public image and credibility of a business-driven company, in a manner consistent with its existing core values. Almost twenty years of ...",False,692
15265464,ARTS,TEACHER,0.191,test,INTERVENTION SPECIALIST TEACHER OF MATH AND LANGUAGE ARTS Objective To gain the position as the resource room teacher at Howell Township Public Schools. Summary of Qualifications Demonstrated ability to design developmen...,False,585
23752500,ARTS,TEACHER,0.1499,test,"LANGUAGE ARTS TEACHER Professional Summary To continue working with children, as well as youth where I will be able to utilize all skills in my expertise area (elementary/middle school.) Core Qualifications Ability to co...",False,1004
18319061,ARTS,TEACHER,0.1286,test,"EIGHTH, NINTH AND TENTH ENGLISH TEACHER Summary Motivated Literacy Specialist, Reading/ LA Teacher with extensive knowledge of the education system and educational testing standards. Exceptional communicator with advance...",False,674
33344933,ARTS,TEACHER,0.108,test,"SIXTH GRADE ENGLISH LANGUAGE ARTS TEACHER Profile Middle School/Secondary Teacher committed to nurturing and inspiring students to explore, define and transform their world. Through Literature, History, Biblical Reflecti...",False,941
46055835,ARTS,TEACHER,0.1063,test,6 - 8 LANGUAGE ARTS GRADE TEACHER Summary Enthusiastic Language Arts educator seeking growth as an education specialist within a school that is dedicated to the academic and socio-emotional success of its student populat...,False,643
14879257,ARTS,TEACHER,0.1029,test,"BILINGUAL LANGUAGE ARTS SIXTH GRADE TEACHER Summary Dedicated and enthusiastic professional with over four years' experience in education. Proven expertise in establishing rapport and building trust among students, paren...",False,660
27936502,ARTS,TEACHER,0.0636,test,"PACKAGING BUYER/RESEARCH AND DEVELOPMENT LEAD Summary Seeking a full time position in Operations, Purchasing, Inventory Control, Logistics, and/or Inside Sales Management. Highlights Operations Training and Development M...",False,952
17325147,ARTS,TEACHER,0.0568,test,"EXPRESSIVE ARTS PROGRAM LEADER Professional Experience 09/2014 to 06/2015 EXPRESSIVE ARTS PROGRAM LEADER City , State Formulated, proposed, and was authorized to implement ""The Arts Project,"" a weekly therapeutic, expres...",False,702
11797122,AUTOMOBILE,AVIATION,0.1066,test,"AUTOMOBILE TRANSPORTER Professional Summary Dedicated, responsible Class A driver with a clean driver's license. Self-motivated and customer-focused.Exceptional leader talented at leadership, communication, and managemen...",False,1001
15210069,AUTOMOBILE,BANKING,0.0523,test,SOFTWARE SUPPORT SPECIALIST Professional Summary Dedicated Customer Service Representative motivated to maintain customer satisfaction and contribute to company success. Skill Highlights Strong organizational skills Ener...,False,609
84295343,AUTOMOBILE,CONSTRUCTION,0.0514,test,"LEGAL ASSISTANT Summary Dedicated and focused Administrative Assistant who excels at prioritizing, completing multiple tasks simultaneously and following through to achieve project goals. Seeking a role of increased resp...",False,278
18448085,AUTOMOBILE,ENGINEERING,0.0995,test,"DATA ANALYST Professional Summary Industrial and Systems Engineering graduate, certified Base SAS Programmer and a Lean Six Sigma Green Belt with strong background in statistics, mathematics and logical problem solving l...",False,462
29221006,AVIATION,HR,0.0669,test,"AVIATION SAFETY ASSISTANT Career Overview Receive Telephone Calls, Give Routine And Non-Routine Information, Answer Questions And Direct Calls And Visitors To Appropriate Person Or Office. Receive And Control Internal/Ex...",False,1829
12144825,AVIATION,INFORMATION-TECHNOLOGY,0.0673,test,"SOFTWARE ENGINEERING CO-OP Summary Highly skilled and Accomplished computer software specialist with more than 7+ years of technical experience in programming development across multiple platforms, software design, devel...",False,530
31710562,BANKING,ACCOUNTANT,0.1083,test,CORPORATE CONTROLLER Summary Flexible Controller who adapts seamlessly to constantly evolving accounting processes and technologies. 20 years of accounting / finance experience; leadership - staff & executive team ​Merge...,False,921
17823436,BANKING,CONSULTANT,0.0777,test,"BUSINESS ANALYST SR. TECHNICAL BUSINESS ANALYST Highlights C, C++, core java Back Ends : Oracle 9i, 10g, 11gRII,MS SQL Server-2005,IBM DB2 Computer Tech. : UML Web Designing : HTML, XML Operating Systems : Windows 9X/XP/...",False,1049
43375498,BANKING,FITNESS,0.0732,test,"CUSTOMER SERVICE REP 1 LEAD QUALITY ASSURANCE COACH ACCOUNT RELATIONSHIP SPECIALIST ONLINE BANKING Summary I am a career oriented individual who wishes to further my knowledge of my company, position, any cross training ...",False,1121
14391434,BANKING,PUBLIC-RELATIONS,0.0525,test,PROGRAM ADMINISTRATOR Executive Summary Results-focused management professional offering 15 years of progressive leadership experience. Transforms high-potential staff into outstanding leaders who demonstrate the creativ...,False,872
23933031,BPO,BANKING,0.0545,test,SR. WORKFORCE MANAGER Summary Results-oriented Workforce & Relationship Manager with diverse background in management & customer service. Dedicated to providing excellent customer service and making operational and proce...,False,1125
31064969,BPO,FINANCE,0.0645,test,DIVISION OPERATIONS & RISK OVERSIGHT MANAGER RISK MANGEMENT LEADER Visionary Operations Executive with solid experience managing all levels of multiple projects including budgeting and administration. Professional Experi...,False,726
45077654,BPO,HEALTHCARE,0.0941,test,"CLAIMS SUBJECT MATTER EXPERT Professional Summary Experienced Customer Service Representative with over 10 years of experience Worked in Healthcare Industry for over 8 years with Humana, Passport and Excellus BCBS of NY ...",False,1278
27375577,BUSINESS-DEVELOPMENT,FINANCE,0.0724,test,VP OF BUSINESS DEVELOPMENT Professional Overview Accomplished Business Development executive with 7 years of experience in life science startups and clinical research organizations. I also have an entrepreneurial spirit ...,False,874
29908929,BUSINESS-DEVELOPMENT,HEALTHCARE,0.0703,test,"BUSINESS DEVELOPMENT & MARKETING Summary Business Administrative professional with over 5 years of experience providing advanced office support to busy organizations. Strong contract administration skill, budget manageme...",False,725
32385553,BUSINESS-DEVELOPMENT,SALES,0.0808,test,BUSINESS DEVELOPMENT MANAGER Summary Hard working and energetic management professional focused on customer satisfaction throughout all stages of the sales life cycle. Highlights Excellent communication skills Energetic ...,False,956
29990140,CHEF,AVIATION,0.0542,test,PROJECT MANAGER AND PHOTOGRAPHER Summary Executive Assistant who is skilled at multi-tasking and maintaining a strong attention to detail. Employs professionalism and superior communication skills to meet client and comp...,False,862
47317494,CHEF,FINANCE,0.0704,test,"ASSISTANT CHEF Highlights Microsoft Word, Excel, PowerPoint, and Access Experience May 2015 to Current Company Name － City , State Assistant Chef Oct 2008 to Nov 2011 Developed and prepared meals. Coordinated with manage...",False,164
28396528,CHEF,HEALTHCARE,0.0854,test,"KITCHEN UTILITY WORKER/EVENING WEEKEND CHEF Professional Summary Fast-learning recent CNA graduate , fast-paced, enthusiastic about working in a hospital , adult family home, and/or retirement home. I have 4+ years exper...",False,1125
62555739,CHEF,HEALTHCARE,0.0749,test,"CUSTOMER SERVICE REP Professional Summary I am currently seeking a full-time position, in an environment that will be a greater challenge for me. I'm also aiming to learning new skills or using my own skills, to help me ...",False,967
19951766,CHEF,SALES,0.0538,test,"TABLE GAMES DEALER Summary Throughout the years, I've been trained to give only the best service and customer care. It is not only about doing the job right, but to make sure the customer is satisfied with their experien...",False,764
12155206,CHEF,TEACHER,0.1248,test,"KINDERGARTEN TEACHER Professional Summary Energetic, results-oriented team-player eager to bring strong administrative skills to a growing company in need of top-level support. High-performing Administrative Assistant wi...",False,648
28176889,CHEF,TEACHER,0.065,test,FOOD SERVER Professional Summary Hardworking professional with a history of exceeding expectations and delivering quantifiable results. Known for boosting company morale by fostering interdepartmental communication. Skil...,False,405
18882984,CONSTRUCTION,BANKING,0.0817,test,LOAN ASSISTANT/COMMERCIAL & CONSTRUCTION REAL ESTATE/SMALL BUSINESS LOANS Summary To obtain a position in the Banking/Lending field with an emphasis on customer service where I can provide added value to the company and ...,False,802
99433371,CONSTRUCTION,DESIGNER,0.084,test,CONSTRUCTION Executive Summary To find an internship in the profession where I can gain experience in and exposure to the practice of product design. Core Qualifications Adobe Photoshop and Illustrator AutoCAD and Revit ...,False,214
88691367,CONSULTANT,ACCOUNTANT,0.1157,test,CONSULTANT Summary Accomplished and highly skilled Controller with a proven ability to impact corporate performance through skillful orchestration of fiscal management and team leadership. Keen ability to influence proce...,False,632
21568833,CONSULTANT,ACCOUNTANT,0.1014,test,"CONSULTANT Summary Position in Accounting/Regulatory or banking operations Highlights Microsoft Office, Lotus Notes, QuickBooks, ACBS, BCS, OTG, AP, RECON+, FMS (G/L System), REVAL (evaluation of hedged funding) and Bloo...",False,714
95792386,CONSULTANT,ACCOUNTANT,0.0964,test,CONSULTANT Summary Results-oriented California CPA who adapts seamlessly to constantly evolving accounting processes and technology. Capable at managing multiple projects and consistently meeting deadlines under pressure...,False,1339
14346702,CONSULTANT,ADVOCATE,0.0525,test,"JEWELRY CONSULTANT Summary As you will see on my resume, I have the required experience, education, and training you seek in a candidate. In addition, I am a military spouse and have a vast understanding of government re...",False,668
15699744,CONSULTANT,BUSINESS-DEVELOPMENT,0.0777,test,"CONSULTANT Summary An accomplished and results-driven MARKETING AND SALES MANAGER AND PROFESSIONAL with extensive experience in new business development, branding, customer relations, account and people management, train...",False,790
32433431,CONSULTANT,BUSINESS-DEVELOPMENT,0.0688,test,CONSULTANT Summary Friendly and enthusiastic [Job Title] with [Number] years of specialization in [Type of Restaurant]. Able to learn new tasks quickly and proficient in growing key customer relationships. Represent esta...,False,831
18227306,CONSULTANT,BUSINESS-DEVELOPMENT,0.0651,test,"CONSULTANT Experience Consultant January 2012 Company Name － City , State Provided programmatic and operational support for audit readiness engagement with the Defense Logistics Agency. Designed and implemented SOPs for ...",False,738
19936735,CONSULTANT,DIGITAL-MEDIA,0.0917,test,"CONSULTANT Executive Profile Broadcast Management, Media Sales, Radio Station Programming and On-Air Broadcast execution is where my success has been the most dominate. Skill Highlights Affiliate Sales Manager Local Bran...",False,278
14517953,CONSULTANT,FINANCE,0.0656,test,"CONSULTANT Summary [job title] with more than [number] years of experience planning, developing and implementing [program or process] .Experienced manager with excellent client and project management skills. Action-orien...",False,677
12955994,CONSULTANT,HEALTHCARE,0.0693,test,"CONSULTANT Summary Versatile Management Professional trained in Insurance, Healthcare, Project Management, and Operational Leadership who thrives in dynamic, challenging and fast-paced professional environments. Assertiv...",False,1092
49777184,CONSULTANT,HR,0.0672,test,MANAGEMENT CONSULTANT Summary Human capital manager and operations strategist who works with cross-functional teams to translate organizational values and objectives into actions that drive impacts in local and cross-cul...,False,964
39441617,CONSULTANT,INFORMATION-TECHNOLOGY,0.1333,test,"IT CONSULTANT Career Overview Director of Information Technology More than two decades of sound IT leadership in areas including IT strategy and security; systems analysis, architecting, installation, integration and str...",False,1130
91189201,CONSULTANT,INFORMATION-TECHNOLOGY,0.0696,test,"CONSULTANT Core Qualifications SKILLS AND ACTIVITIES Volunteer English Teacher for ""Teach India""; Challenge for Charity; SQL, SPSS, Tableau, MS Excel, Power Point. Accomplishments Evert McCabe Fellowship, Rick and Marily...",False,697
31201660,CONSULTANT,PUBLIC-RELATIONS,0.0749,test,CONSULTANT Executive Profile Visionary and genetically upbeat executive with experience managing multiple projects all levels including budgeting and administration. Focused on employee participation and the well being o...,False,675
25213006,CONSULTANT,SALES,0.0803,test,"CONSULTANT Summary Professional, dedicated hard worker. Over 10 years of Customer Service Experience. Self-motivated inside Sales Representative with excellent verbal and written communication skills and strong computer ...",False,688
26919036,CONSULTANT,SALES,0.0556,test,CONSULTANT ACCOUNT Summary This letter is to express my interest in your . I believe that my skills and qualifications make me a viable candidate for this opportunity. Below is a brief summary of my skill set for your co...,False,735
24679149,DIGITAL-MEDIA,APPAREL,0.0767,test,"DIGITAL PROJECT MANAGER Highlights HTML, CSS, MS Office, Magento, Simparel, Active Collab, AS400, Visuality Pro - Familiar with Google Analytics, Photoshop, Axure and FTP systems - Managed integrations with: KWI, Blue Ch...",False,703
62700506,DIGITAL-MEDIA,BANKING,0.0713,test,DIGITAL CONSULTANT Summary I am seeking a position to continue my growth in strategic leadership position in the mobile. Continue to drive and design complex new products/services and enhancements that lead the financial...,False,1113
14945250,DIGITAL-MEDIA,BUSINESS-DEVELOPMENT,0.0983,test,"DIGITAL MEDIA CONSULTANT Summary Dynamic and results-driven Outside Sales and Territory Manager with over 15 years of successful new business development, competitive market share expansion, and customer relationship dev...",False,1085
18442517,DIGITAL-MEDIA,INFORMATION-TECHNOLOGY,0.076,test,SOFTWARE ENGINEER Summary Accomplished development professional with over ten years of experience in integrating IT Operations processes with sustainable customized applications to promote team performance and efficiency...,False,1079
17584743,DIGITAL-MEDIA,PUBLIC-RELATIONS,0.1013,test,OWNER/PRESIDENT Professional Profile A seasoned marketing professional who delivers results in alignment with strategic business plans by developing and executing marketing campaigns as well as managing external agencies...,False,722
74236636,ENGINEERING,CONSTRUCTION,0.0907,test,ENGINEERING INTERN Summary To contribute my skills and experience to the further the development of an organization and achieve growth in my professional career path. Education and Training Bachelor of Science : Civil En...,False,777
36149549,ENGINEERING,CONSTRUCTION,0.0683,test,"ENGINEERING PROJECT MANAGER Summary Seeking long term employment where my experience, expertise, and education can be used to satisfy the needs of the company, as well as provide opportunity for personal development and ...",False,637
22890839,ENGINEERING,INFORMATION-TECHNOLOGY,0.0894,test,CORPORATE ENGINEERING SUPPORT TECHNICIAN Summary TECHNICAL SUPPORT ENGINEER Technical Support Telecom Support Networking Support Software/PC/LAN Troubleshooting Accomplished in Technical Support with 4 years of experienc...,False,802
47919212,ENGINEERING,INFORMATION-TECHNOLOGY,0.0731,test,SUPPORT ENGINEERING MANAGER Summary Successful and motivated IT Escalation Manager possessing extensive knowledge of leading a team of high performance Tier 3 engineers solving complex IT issues and providing excellent s...,False,773
32081266,ENGINEERING,INFORMATION-TECHNOLOGY,0.0666,test,MANAGER ENGINEERING MANUFACTURING SYSTEMS ENGINEERING MANAGER Summary Personable Engineering Manager successful at building strong cross sector professional relationships. Manages large and complex projects for the herit...,False,1392
11890896,ENGINEERING,TEACHER,0.06,test,"SENIOR ENGINEERING MANAGER Summary Personable, patient and adaptable Math tutor with 3 years of experience tutoring K-12 and college students in Mathematics. Highly reliable and approachable person with 8 years of profes...",False,758
25497147,FINANCE,ACCOUNTANT,0.2566,test,"FINANCE ACCOUNTANT Summary Staff Accountant proficient flexible who adapts seamlessly to constantly evolving accounting processes and technology. Adept at budget forecasting, financial reporting and successful at managin...",False,637
24833063,FINANCE,ACCOUNTANT,0.1221,test,ACTING FINANCE MANAGER Summary Innovative Accountant proficient in extracting financial data from various reporting systems and suggesting key operational changes. Accommodating [Job Title] who effectively manages strict...,False,1440
24670867,FINANCE,ACCOUNTANT,0.1173,test,"GLOBAL FINANCE ACCOUNTANT Summary Honest, reliable, dependable, hardworking, quick learner, enthusiastic, motivated individual with strong work ethics, who is results driven, detail oriented, and well organized with a fe...",False,1211
18072085,FINANCE,ACCOUNTANT,0.1073,test,"FINANCE ASSISTANT Summary Accurate, Alert, Ambitious, Analytical, Articulate, Efficient, Dependable, Responsible, People-Oriented, Honest, Independent and Hardworking. Integrity, Competence, Honesty, Growth, Family, Deci...",False,902
17392859,FINANCE,ACCOUNTANT,0.1026,test,DIRECTOR OF FINANCE Professional Summary Seeking a position in financial/general accounting. Highly meticulous and reliable Finance Director with an outstanding client service record. Adept multitasker able to handle a n...,False,866
15224503,FINANCE,ACCOUNTANT,0.1024,test,SENIOR MANAGER -NATIONAL SALES FINANCE Executive Profile Ambitious [Job Title] who creates strategic alliances with organization leaders to effectively align with and support key business initiatives. Builds and retains ...,False,768
26530575,FINANCE,ACCOUNTANT,0.0977,test,FINANCE MANAGER FINANCE MANAGER Executive Profile Financial Manager focused on fostering trust and cultivating partnerships based on accountability and transparency. Analytical CPA skilled in financial and managerial acc...,False,1203
34250007,FINANCE,ACCOUNTANT,0.0758,test,FINANCE SUPERVISOR Summary Able to adapt and flexible enough to help manage changing priorities and maintain a high standard of work and accuracy in spite of changes. Reliable resource and highly valued team member withi...,False,755
59777056,FINANCE,ACCOUNTANT,0.055,test,"FINANCE PROJECT COORDINATOR Summary Accommodating Project Coordinator who effectively manages strict deadlines, schedules and repetitive tasks with a positive, can-do attitude. Areas of strength include professionalism, ...",False,634
38225199,FINANCE,ADVOCATE,0.0524,test,FINANCE OPERATIONS/ SUPERVISOR MANAGER Professional Summary Looking for a position as Manager in a company that provides an open environment with many opportunities for continuous growth.I am highly motivated achiever wh...,False,820
24967652,FINANCE,SALES,0.0487,test,"MANAGER OF FINANCE Professional Summary Highly motivated individual with demonstrated proficiency in listening to clients needs, and formulating the tactical plan to achieve the best results for all parties involved. Con...",False,1240
25507648,FITNESS,ADVOCATE,0.0526,test,"BRANCH LOGISTICS MANAGER Executive Summary Reliable, resourceful, dependable, flexible, goal-oriented individual. Team leader and player who works well with peers and all levels of management. Possesses excellent people ...",False,1045
24708621,FITNESS,BUSINESS-DEVELOPMENT,0.0603,test,PROCUREMENT ANALYST Accomplishments New Professional Organization Attend seminars and events relevant in today's business market. Karass Effective Negotiating Training to develop key negotiating skills Six Sigma Yellow B...,False,499
24905947,FITNESS,SALES,0.0673,test,ACCOMMODATION SERVICE EXECUTIVE LL Professional Summary Customer service and sales expert who identifies customer needs and delivers solutions to problems. Driven to exceed sales and customer satisfaction goals and build...,False,653
76530505,FITNESS,TEACHER,0.101,test,"CHILD CENTER ASST DEPT HEAD Summary To obtain a position as a personable Executive Assistant who capably maintains open lines of communication among senior executives, board members, shareholders, middle management and a...",False,730
17658471,FITNESS,TEACHER,0.0779,test,"AVID TUTOR Core Qualifications Academic planning Goal setting and implementation Counseling Group instruction Microsoft office Public speaking Attention to detail Dependability Education Bachelor of Arts , Human Services...",False,684
85421438,HEALTHCARE,DIGITAL-MEDIA,0.1057,test,PA MEDIA GROUP Summary Be in a position involving and utilizing my marketing and management skills and knowledge gained throughout my education and on the job experience. Highlights Deep understanding of Google Analytics...,False,979
15636923,HEALTHCARE,FITNESS,0.218,test,"CERTIFIED PERSONAL TRAINER Professional Summary Certified Personal Trainer 4+ years of experience with formal training in business development, leadership, health and fitness. Extensive sales and customer service experie...",False,882
17963031,HEALTHCARE,INFORMATION-TECHNOLOGY,0.0874,test,"SYSTEM ADMINISTRATOR/ASSISTANT SUPERVISOR Professional Background Over 20 years of experience with a diversified background Facilitator, contingency planning, A seasoned Information Technology leader, team player, and te...",False,1021
15575117,HR,ADVOCATE,0.0648,test,"HR SENIOR SPECIALIST Career Overview Dedicated Service Representative Professional motivated to maintain customer satisfaction and contribute to company success. Core Strengths Excel, Data entry systems, Outlook, Microso...",False,1197
24590489,PUBLIC-RELATIONS,ACCOUNTANT,0.0514,test,"BILLING SERVICES ASSOCIATE Professional Summary Detail-oriented and versatile government, commercial, and non-profit billing professional with proven ability to efficiently manage multiple assignments while meeting stric...",False,1048
22455205,PUBLIC-RELATIONS,ADVOCATE,0.0556,test,"MANAGER Professional Summary Talented individual with a educational background in Economics from the University of California Irvine, seeks a career in the financial sector. Extensive knowledge in management, Microsoft a...",False,683
11842274,PUBLIC-RELATIONS,CHEF,0.0725,test,"BARTENDER Experience Bartender , 05/2018 Company Name – City , State Marketing & Public Relations: 10 years, Maintain proper and adequate set-up of the bar on a daily basis. Responsible for maintaining stock, preparing a...",False,5190
13727873,PUBLIC-RELATIONS,HR,0.0717,test,"MARKET ANALYST PROMOTED TO ASSISTANT DIRECTOR OF BRAND STRATEGY Professional Summary Dear Cristina and team, The second I found out about this position, my I found myself extremely excited. I knew right away this is some...",False,1454
31211074,PUBLIC-RELATIONS,SALES,0.0703,test,"CITY CARRIER ASSISTANT Professional Summary A results-oriented, service-driven psychology professional who is an analytic problem solver capable of insightful decision making. A skilled troubleshooter able to synthesize ...",False,659
79376680,SALES,ARTS,0.0537,test,"SALES Summary When thinking of the timeline of my career, numerous bullet points come to mind. Whether it be a skill or achievement that I can bring to the table, there is one common denominator that all of these persona...",False,799
13178604,SALES,BUSINESS-DEVELOPMENT,0.0949,test,"MERCHANDISER, SALES Summary [Job Title] equipped with the excellent negotiation skills, market insight and business acumen necessary to guide struggling and newly-formed companies to financial success. Highlights ❖ Organ...",False,1424
10464113,SALES,BUSINESS-DEVELOPMENT,0.0751,test,"SALES EXECUTIVE Summary Sales and Customer Service Professional with proven record of accomplishment growing client list and maintaining existing clients. Delivered consistent gains in growth, profits and customer satisf...",False,937
34303500,SALES,BUSINESS-DEVELOPMENT,0.0645,test,"SALES DIRECTOR Summary To continue my career with an organization that will utilize my management, supervision and administrative skills to benefit mutual growth and success. Also, to offer my skills to your company espe...",False,801
17781039,SALES,BUSINESS-DEVELOPMENT,0.0601,test,"SALES Professional Summary Experienced manager with excellent client and project management skills. Action-oriented with strong ability to communicate effectively with technology, executive, and business audiences. Analy...",False,890
92200491,SALES,CHEF,0.0763,test,"SALES REPRESENTATIVE Summary Food service worker with fast food, retail and customer service experience. Trained in food safety and handling. Also have some Sales Representative Skills. Highlights Reliable and punctual R...",False,813
28377361,SALES,CHEF,0.0681,test,"SALES ASSOCIATE Professional Summary Food service worker with fast food, retail and customer service experience. Trained in food safety and handling. Highlights Neat, clean and professional appearance Delivers exceptiona...",False,740
26994282,SALES,CONSTRUCTION,0.1858,test,SALES Professional Summary Talented Construction Manager with more than twenty years of success on various projects as an Independent Contractor. Solid experience managing all levels of small to large scale projects. Ext...,False,674
12587973,TEACHER,BUSINESS-DEVELOPMENT,0.0628,test,"SUBSTITUTE TEACHER Summary Receiving an education on Psychology and pursuing my teaching certification,ha been the best professional accomplishment I have achieved. The teaching in the absence of the teacher helped me un...",False,697
34033933,TEACHER,HEALTHCARE,0.0675,test,"SUBSTITUTE TEACHER Summary HEALTH ADMINISTRATION HOSPITAL OPERATIONS PUBLIC SERVICE major. An intelligent, enthusiastic young professional with a progressive career in healthcare administration and looking for outstandin...",False,651
24240349,TEACHER,PUBLIC-RELATIONS,0.0555,test,"SUBSTITUTE TEACHER Summary Administrative Assistant with 16+ years experience working with corporations, law firms, and large and small businesses in all aspects of business development and support. Seeking a professiona...",False,713
