class,precision,recall,f1-score,support
ACCOUNTANT,0.5333333333333333,0.8888888888888888,0.6666666666666666,18.0
ADVOCATE,0.631578947368421,0.6666666666666666,0.6486486486486487,18.0
AGRICULTURE,1.0,0.7777777777777778,0.875,9.0
APPAREL,0.6666666666666666,0.26666666666666666,0.38095238095238093,15.0
ARTS,0.75,0.1875,0.3,16.0
AUTOMOBILE,1.0,0.2,0.3333333333333333,5.0
AVIATION,0.8823529411764706,0.8823529411764706,0.8823529411764706,17.0
BANKING,0.7647058823529411,0.7647058823529411,0.7647058823529411,17.0
BPO,0.0,0.0,0.0,3.0
BUSINESS-DEVELOPMENT,0.5555555555555556,0.8333333333333334,0.6666666666666666,18.0
CHEF,0.7857142857142857,0.6111111111111112,0.6875,18.0
CONSTRUCTION,0.75,0.8823529411764706,0.8108108108108109,17.0
CONSULTANT,0.5,0.058823529411764705,0.10526315789473684,17.0
DESIGNER,0.8421052631578947,1.0,0.9142857142857143,16.0
DIGITAL-MEDIA,0.75,0.6428571428571429,0.6923076923076923,14.0
ENGINEERING,0.8571428571428571,0.6666666666666666,0.75,18.0
FINANCE,0.6363636363636364,0.3888888888888889,0.4827586206896552,18.0
FITNESS,0.8125,0.7222222222222222,0.7647058823529411,18.0
HEALTHCARE,0.6086956521739131,0.8235294117647058,0.7,17.0
HR,0.7619047619047619,0.9411764705882353,0.8421052631578947,17.0
INFORMATION-TECHNOLOGY,0.6923076923076923,1.0,0.8181818181818182,18.0
PUBLIC-RELATIONS,0.6,0.7058823529411765,0.6486486486486487,17.0
SALES,0.42857142857142855,0.5294117647058824,0.47368421052631576,17.0
TEACHER,0.48,0.8,0.6,15.0
