id,true,pred,confidence,split
38897568,BANKING,BPO,0.2063,val
31684925,ENGINEERING,ENGINEERING,0.3882,val
16594812,CHEF,CHEF,0.7545,val
12315079,HEALTHCARE,BUSINESS-DEVELOPMENT,0.6287,val
26503829,DESIGNER,DESIGNER,0.4593,val
34452806,CHEF,CHEF,0.9837,val
33381211,INFORMATION-TECHNOLOGY,INFORMATION-TECHNOLOGY,0.2107,val
34740556,HR,HR,0.9949,val
14722634,FINANCE,FINANCE,0.5516,val
28831442,PUBLIC-RELATIONS,ARTS,0.2412,val
16985289,APPAREL,DIGITAL-MEDIA,0.3872,val
12748557,ENGINEERING,ENGINEERING,0.7543,val
33872500,BANKING,BANKING,0.263,val
29930479,TEACHER,TEACHER,0.7229,val
31292364,PUBLIC-RELATIONS,PUBLIC-RELATIONS,0.7619,val
12504278,AVIATION,BPO,0.2724,val
24703009,ACCOUNTANT,ACCOUNTANT,0.7388,val
26695839,HEALTHCARE,FINANCE,0.2462,val
69360287,AGRICULTURE,INFORMATION-TECHNOLOGY,0.1137,val
91533580,APPAREL,APPAREL,0.2275,val
15363277,ACCOUNTANT,FINANCE,0.8023,val
10186968,ADVOCATE,ADVOCATE,0.512,val
89740812,AGRICULTURE,PUBLIC-RELATIONS,0.5576,val
28206098,ADVOCATE,ADVOCATE,0.5356,val
14752209,BUSINESS-DEVELOPMENT,BUSINESS-DEVELOPMENT,0.6467,val
15581242,SALES,CONSULTANT,0.1467,val
14241621,BUSINESS-DEVELOPMENT,SALES,0.3312,val
53640713,ACCOUNTANT,ACCOUNTANT,0.8663,val
26341645,AUTOMOBILE,AUTOMOBILE,0.2695,val
28640735,HR,HR,0.5463,val
15535920,CONSULTANT,BUSINESS-DEVELOPMENT,0.3641,val
95519832,FINANCE,AUTOMOBILE,0.4598,val
17694454,ARTS,TEACHER,0.4289,val
11887930,AUTOMOBILE,AGRICULTURE,0.2302,val
65708020,BUSINESS-DEVELOPMENT,BUSINESS-DEVELOPMENT,0.7355,val
23841877,CHEF,APPAREL,0.3714,val
28867567,SALES,SALES,0.5479,val
41523474,HR,HR,0.8419,val
30990885,FITNESS,ARTS,0.3162,val
20357858,BUSINESS-DEVELOPMENT,BUSINESS-DEVELOPMENT,0.6872,val
18133495,PUBLIC-RELATIONS,INFORMATION-TECHNOLOGY,0.5043,val
67645662,DESIGNER,DESIGNER,0.4526,val
34970271,ADVOCATE,HEALTHCARE,0.6423,val
10089434,INFORMATION-TECHNOLOGY,INFORMATION-TECHNOLOGY,0.4728,val
15100547,AUTOMOBILE,AUTOMOBILE,0.6026,val
27213082,BUSINESS-DEVELOPMENT,CONSULTANT,0.2504,val
18328743,SALES,SALES,0.5556,val
17911230,ADVOCATE,FITNESS,0.7146,val
20253563,ACCOUNTANT,ACCOUNTANT,0.7706,val
24083609,INFORMATION-TECHNOLOGY,INFORMATION-TECHNOLOGY,0.8355,val
18997135,ADVOCATE,ADVOCATE,0.2107,val
24411323,FINANCE,HEALTHCARE,0.3667,val
17640785,AGRICULTURE,AGRICULTURE,0.3473,val
22884757,TEACHER,TEACHER,0.4983,val
13557622,DESIGNER,DESIGNER,0.8083,val
28013287,TEACHER,TEACHER,0.6947,val
29612672,FINANCE,BPO,0.2159,val
16186411,INFORMATION-TECHNOLOGY,INFORMATION-TECHNOLOGY,0.3871,val
28808263,HR,FINANCE,0.4634,val
65456466,SALES,SALES,0.626,val
33141415,CONSTRUCTION,DESIGNER,0.7,val
32954522,DESIGNER,SALES,0.7078,val
14528265,DESIGNER,ENGINEERING,0.3498,val
91318828,DIGITAL-MEDIA,PUBLIC-RELATIONS,0.3952,val
32720816,AVIATION,AVIATION,0.4151,val
65352424,ARTS,DESIGNER,0.2908,val
22551979,TEACHER,TEACHER,0.9493,val
38108845,FITNESS,FITNESS,0.3849,val
36206485,TEACHER,TEACHER,0.9761,val
27152464,ENGINEERING,ENGINEERING,0.4695,val
10428916,FITNESS,FITNESS,0.8114,val
20817322,CHEF,CHEF,0.9953,val
21297828,PUBLIC-RELATIONS,PUBLIC-RELATIONS,0.9976,val
28383893,AVIATION,AVIATION,0.3429,val
23139819,ACCOUNTANT,FINANCE,0.6018,val
73497035,ARTS,AGRICULTURE,0.241,val
27788376,CONSULTANT,CONSULTANT,0.1815,val
24574164,DIGITAL-MEDIA,DIGITAL-MEDIA,0.629,val
21830565,HR,HR,0.9294,val
29076405,CONSULTANT,ADVOCATE,0.1702,val
38165833,CONSULTANT,CONSTRUCTION,0.3084,val
27524018,TEACHER,TEACHER,0.8874,val
17864043,HEALTHCARE,HEALTHCARE,0.1789,val
18757174,BUSINESS-DEVELOPMENT,SALES,0.2335,val
55953734,ENGINEERING,ENGINEERING,0.8773,val
24061629,ARTS,HEALTHCARE,0.4115,val
19831366,CHEF,CHEF,0.9958,val
26958533,HEALTHCARE,ENGINEERING,0.3939,val
10704573,BUSINESS-DEVELOPMENT,BUSINESS-DEVELOPMENT,0.5267,val
35302620,FITNESS,FITNESS,0.2816,val
13272204,ARTS,HR,0.9208,val
83338413,ARTS,INFORMATION-TECHNOLOGY,0.6906,val
23234047,ENGINEERING,ENGINEERING,0.8217,val
61677751,BUSINESS-DEVELOPMENT,BUSINESS-DEVELOPMENT,0.4496,val
20626794,TEACHER,TEACHER,0.4963,val
19156751,SALES,ADVOCATE,0.3289,val
19037403,FITNESS,FITNESS,0.7351,val
20566550,ENGINEERING,ENGINEERING,0.3862,val
90685127,DIGITAL-MEDIA,DIGITAL-MEDIA,0.9617,val
13837784,DIGITAL-MEDIA,DIGITAL-MEDIA,0.9644,val
14790629,AVIATION,SALES,0.3083,val
37764298,INFORMATION-TECHNOLOGY,INFORMATION-TECHNOLOGY,0.2996,val
24402267,HR,HR,0.8994,val
30813919,ACCOUNTANT,FINANCE,0.3843,val
21567392,CONSTRUCTION,CONSTRUCTION,0.985,val
16378091,CONSTRUCTION,SALES,0.2513,val
29415426,ADVOCATE,HR,0.3007,val
11605833,HEALTHCARE,INFORMATION-TECHNOLOGY,0.5637,val
19532392,AGRICULTURE,CONSULTANT,0.3421,val
17165107,ADVOCATE,FITNESS,0.8485,val
13675377,FITNESS,FITNESS,0.8111,val
16694152,BUSINESS-DEVELOPMENT,BUSINESS-DEVELOPMENT,0.6884,val
22593054,ARTS,APPAREL,0.167,val
35474904,ADVOCATE,BPO,0.1867,val
37231163,CHEF,CHEF,0.9507,val
22556198,CONSULTANT,HEALTHCARE,0.3752,val
27921561,DIGITAL-MEDIA,DESIGNER,0.4222,val
82649935,ACCOUNTANT,ACCOUNTANT,0.7398,val
25328428,HEALTHCARE,HEALTHCARE,0.496,val
35483925,BANKING,BANKING,0.5597,val
79261033,BPO,BUSINESS-DEVELOPMENT,0.2323,val
15261348,CHEF,CHEF,0.9968,val
20553895,BUSINESS-DEVELOPMENT,SALES,0.3607,val
27246366,CONSTRUCTION,CONSTRUCTION,0.9968,val
12251115,CONSULTANT,CHEF,0.409,val
29329075,PUBLIC-RELATIONS,PUBLIC-RELATIONS,0.3684,val
27099856,APPAREL,APPAREL,0.6115,val
29574501,CONSTRUCTION,ACCOUNTANT,0.7771,val
69005326,TEACHER,TEACHER,0.4728,val
58665241,TEACHER,TEACHER,0.8849,val
15139979,ENGINEERING,AVIATION,0.6893,val
37348041,ADVOCATE,FITNESS,0.4304,val
27536013,INFORMATION-TECHNOLOGY,INFORMATION-TECHNOLOGY,0.389,val
11850315,PUBLIC-RELATIONS,PUBLIC-RELATIONS,0.9606,val
17132168,DIGITAL-MEDIA,BUSINESS-DEVELOPMENT,0.5654,val
11813872,AGRICULTURE,CONSULTANT,0.1934,val
16288901,DESIGNER,DESIGNER,0.9695,val
37695494,DESIGNER,DESIGNER,0.7962,val
18949843,HEALTHCARE,HEALTHCARE,0.3316,val
24647386,BUSINESS-DEVELOPMENT,BUSINESS-DEVELOPMENT,0.4496,val
25070914,PUBLIC-RELATIONS,PUBLIC-RELATIONS,0.9134,val
23602130,PUBLIC-RELATIONS,PUBLIC-RELATIONS,0.897,val
94137171,AVIATION,APPAREL,0.4074,val
29639533,TEACHER,TEACHER,0.5965,val
13199813,BUSINESS-DEVELOPMENT,BUSINESS-DEVELOPMENT,0.4562,val
20033302,CHEF,CHEF,0.1699,val
65373280,CHEF,CHEF,0.9901,val
22488036,FITNESS,ENGINEERING,0.8667,val
20001721,INFORMATION-TECHNOLOGY,INFORMATION-TECHNOLOGY,0.4142,val
14358578,SALES,SALES,0.4228,val
17410700,SALES,SALES,0.8214,val
16620172,PUBLIC-RELATIONS,DIGITAL-MEDIA,0.6459,val
58048626,AVIATION,PUBLIC-RELATIONS,0.2568,val
16887936,ARTS,PUBLIC-RELATIONS,0.5236,val
31217840,CONSULTANT,CONSULTANT,0.2553,val
26167298,CONSULTANT,BUSINESS-DEVELOPMENT,0.3988,val
19397727,ENGINEERING,AVIATION,0.837,val
67032711,FITNESS,ARTS,0.1735,val
23063986,FITNESS,FITNESS,0.1981,val
12802330,ACCOUNTANT,FINANCE,0.481,val
10149490,CONSTRUCTION,CONSTRUCTION,0.9309,val
69764348,CONSTRUCTION,AVIATION,0.6504,val
12415691,DESIGNER,INFORMATION-TECHNOLOGY,0.5691,val
75950464,ADVOCATE,TEACHER,0.8131,val
29173771,ADVOCATE,ADVOCATE,0.4624,val
21756639,BANKING,BUSINESS-DEVELOPMENT,0.2554,val
57088974,FINANCE,FINANCE,0.5045,val
10820510,CONSTRUCTION,CONSTRUCTION,0.955,val
33072201,PUBLIC-RELATIONS,PUBLIC-RELATIONS,0.5898,val
16893572,DIGITAL-MEDIA,DIGITAL-MEDIA,0.9089,val
20490741,DIGITAL-MEDIA,ADVOCATE,0.4521,val
12920612,PUBLIC-RELATIONS,PUBLIC-RELATIONS,0.9383,val
20470943,PUBLIC-RELATIONS,APPAREL,0.1993,val
11957080,INFORMATION-TECHNOLOGY,INFORMATION-TECHNOLOGY,0.7003,val
26234972,CONSULTANT,PUBLIC-RELATIONS,0.584,val
18979238,DESIGNER,DESIGNER,0.7432,val
28051330,BANKING,BUSINESS-DEVELOPMENT,0.3375,val
19861776,DIGITAL-MEDIA,CONSULTANT,0.3054,val
17115815,BUSINESS-DEVELOPMENT,BUSINESS-DEVELOPMENT,0.7706,val
94417768,DESIGNER,DESIGNER,0.6772,val
18905648,DIGITAL-MEDIA,DIGITAL-MEDIA,0.4328,val
10653119,CHEF,CHEF,0.9987,val
37001381,HEALTHCARE,INFORMATION-TECHNOLOGY,0.2294,val
39569771,BANKING,BANKING,0.6472,val
89508407,ADVOCATE,TEACHER,0.3949,val
47067533,BUSINESS-DEVELOPMENT,BUSINESS-DEVELOPMENT,0.7154,val
26622051,DESIGNER,DESIGNER,0.425,val
61579998,ENGINEERING,ENGINEERING,0.7046,val
12341902,AGRICULTURE,AGRICULTURE,0.4516,val
26330995,PUBLIC-RELATIONS,PUBLIC-RELATIONS,0.556,val
91564103,FINANCE,ACCOUNTANT,0.7583,val
27233183,SALES,SALES,0.2465,val
12082377,SALES,SALES,0.7941,val
82125182,ENGINEERING,ENGINEERING,0.5823,val
16248476,CHEF,CHEF,0.9968,val
87867370,BANKING,BANKING,0.927,val
45286020,TEACHER,TEACHER,0.8371,val
78357954,AUTOMOBILE,FITNESS,0.2718,val
26908066,HEALTHCARE,BUSINESS-DEVELOPMENT,0.4451,val
30128072,CHEF,ARTS,0.5213,val
34875813,CONSULTANT,BUSINESS-DEVELOPMENT,0.5075,val
50324968,APPAREL,SALES,0.6231,val
93112113,HR,HR,0.9521,val
14014749,DESIGNER,DESIGNER,0.3021,val
10219099,ENGINEERING,ENGINEERING,0.5983,val
18187364,INFORMATION-TECHNOLOGY,INFORMATION-TECHNOLOGY,0.7453,val
99416532,AVIATION,AVIATION,0.5784,val
28871170,ADVOCATE,PUBLIC-RELATIONS,0.4613,val
38309905,CHEF,CHEF,0.9901,val
36621169,SALES,DESIGNER,0.4799,val
24977396,PUBLIC-RELATIONS,AGRICULTURE,0.173,val
15233524,BUSINESS-DEVELOPMENT,BUSINESS-DEVELOPMENT,0.2767,val
60182829,BANKING,HEALTHCARE,0.2398,val
16661264,AGRICULTURE,AGRICULTURE,0.3482,val
11958994,DESIGNER,SALES,0.2456,val
27490876,HR,HR,0.9715,val
95769832,FITNESS,ADVOCATE,0.5138,val
27902692,AVIATION,INFORMATION-TECHNOLOGY,0.5042,val
14049846,ENGINEERING,ENGINEERING,0.8435,val
59938965,FINANCE,FINANCE,0.5348,val
32980197,BANKING,BANKING,0.5902,val
19616406,HR,HR,0.9355,val
13386301,APPAREL,BUSINESS-DEVELOPMENT,0.3053,val
25749150,ACCOUNTANT,HEALTHCARE,0.3324,val
39247950,BANKING,INFORMATION-TECHNOLOGY,0.361,val
37058472,DESIGNER,DESIGNER,0.5614,val
52618188,INFORMATION-TECHNOLOGY,BPO,0.5262,val
42546558,AVIATION,AVIATION,0.5223,val
28973180,FINANCE,CONSTRUCTION,0.662,val
29797594,TEACHER,TEACHER,0.9425,val
97123005,FITNESS,AUTOMOBILE,0.4846,val
24611721,FINANCE,HR,0.8328,val
24727739,BPO,AUTOMOBILE,0.2569,val
16038911,FITNESS,FITNESS,0.8909,val
23513618,ACCOUNTANT,ACCOUNTANT,0.5698,val
21853199,ACCOUNTANT,ACCOUNTANT,0.7166,val
40883703,DIGITAL-MEDIA,DIGITAL-MEDIA,0.7241,val
30862904,HR,HR,0.9821,val
19774173,FITNESS,FITNESS,0.631,val
18457785,BANKING,ENGINEERING,0.2866,val
22615491,BANKING,APPAREL,0.3091,val
74552449,BANKING,BANKING,0.5104,val
10176013,CONSTRUCTION,CONSTRUCTION,0.9798,val
19090468,HEALTHCARE,INFORMATION-TECHNOLOGY,0.4635,val
15573418,BPO,HEALTHCARE,0.3814,val
28092317,CHEF,CHEF,0.9953,val
37739183,DIGITAL-MEDIA,PUBLIC-RELATIONS,0.1791,val
21060367,ARTS,CHEF,0.7202,val
26932091,SALES,BPO,0.2309,val
19724031,ARTS,FITNESS,0.3166,val
17960690,HEALTHCARE,FITNESS,0.3393,val
23914451,HR,HR,0.6416,val
22894544,CONSTRUCTION,DESIGNER,0.1491,val
22423839,BUSINESS-DEVELOPMENT,BUSINESS-DEVELOPMENT,0.5883,val
29648950,FINANCE,BANKING,0.2504,val
24588864,ADVOCATE,HR,0.2498,val
17660419,FITNESS,FITNESS,0.9962,val
51769822,HR,HR,0.2997,val
30529547,SALES,SALES,0.5224,val
11981094,ENGINEERING,DESIGNER,0.3145,val
11163645,ACCOUNTANT,AUTOMOBILE,0.4618,val
16964217,CONSULTANT,ADVOCATE,0.6079,val
16132195,HEALTHCARE,HEALTHCARE,0.522,val
25656981,CONSTRUCTION,CONSTRUCTION,0.9408,val
45900271,PUBLIC-RELATIONS,PUBLIC-RELATIONS,0.9538,val
22990761,AVIATION,HEALTHCARE,0.6608,val
12122372,APPAREL,APPAREL,0.269,val
16899268,INFORMATION-TECHNOLOGY,CONSULTANT,0.2333,val
44147689,CONSTRUCTION,CONSTRUCTION,0.8736,val
23929500,SALES,AUTOMOBILE,0.3857,val
14585273,CONSTRUCTION,CONSTRUCTION,0.6103,val
35164503,FITNESS,BANKING,0.3708,val
37242217,INFORMATION-TECHNOLOGY,INFORMATION-TECHNOLOGY,0.9017,val
99124477,BANKING,BPO,0.3777,val
36694627,ADVOCATE,ADVOCATE,0.2074,val
24983760,ARTS,ARTS,0.4903,val
28424982,CHEF,CHEF,0.9941,val
12674256,AGRICULTURE,BUSINESS-DEVELOPMENT,0.1642,val
25413261,PUBLIC-RELATIONS,PUBLIC-RELATIONS,0.86,val
26768723,INFORMATION-TECHNOLOGY,INFORMATION-TECHNOLOGY,0.4997,val
55477468,SALES,ADVOCATE,0.2067,val
26819872,AVIATION,AVIATION,0.8681,val
37540732,SALES,SALES,0.6339,val
18752129,INFORMATION-TECHNOLOGY,TEACHER,0.5113,val
63989974,AUTOMOBILE,CONSULTANT,0.456,val
79536879,AGRICULTURE,TEACHER,0.3279,val
16449694,AVIATION,AVIATION,0.7106,val
26671167,HR,ARTS,0.18,val
11432686,CHEF,SALES,0.2692,val
27485716,INFORMATION-TECHNOLOGY,INFORMATION-TECHNOLOGY,0.4654,val
84373843,FINANCE,BPO,0.2771,val
47410104,FINANCE,FINANCE,0.5891,val
13173522,BANKING,BUSINESS-DEVELOPMENT,0.6273,val
36861863,HEALTHCARE,ADVOCATE,0.3178,val
19738730,BUSINESS-DEVELOPMENT,CHEF,0.9768,val
26098594,APPAREL,AGRICULTURE,0.3693,val
24550866,HEALTHCARE,HEALTHCARE,0.2815,val
91121135,INFORMATION-TECHNOLOGY,HR,0.7505,val
14515954,FITNESS,FITNESS,0.2865,val
19268120,CHEF,CHEF,0.981,val
36392131,ADVOCATE,HEALTHCARE,0.3939,val
87520378,HEALTHCARE,AUTOMOBILE,0.1513,val
26279402,AVIATION,AVIATION,0.6963,val
19285236,CHEF,CHEF,0.9738,val
11169163,AVIATION,AVIATION,0.8913,val
20314980,CONSULTANT,INFORMATION-TECHNOLOGY,0.3701,val
27096471,CONSULTANT,HR,0.6066,val
41586420,APPAREL,APPAREL,0.6038,val
25330083,FINANCE,FINANCE,0.5803,val
27126818,TEACHER,TEACHER,0.9556,val
11522068,FITNESS,ARTS,0.4008,val
39566718,CONSTRUCTION,CONSTRUCTION,0.9747,val
79432080,ARTS,PUBLIC-RELATIONS,0.2561,val
38946032,CONSTRUCTION,ACCOUNTANT,0.8636,val
23246831,ACCOUNTANT,AUTOMOBILE,0.4479,val
13858219,APPAREL,APPAREL,0.5879,val
69487178,FINANCE,FINANCE,0.8298,val
26160200,DIGITAL-MEDIA,DIGITAL-MEDIA,0.684,val
15765660,SALES,DIGITAL-MEDIA,0.6733,val
29839396,BANKING,AGRICULTURE,0.3714,val
17926546,ENGINEERING,ENGINEERING,0.8462,val
20624984,ACCOUNTANT,ACCOUNTANT,0.9135,val
82738323,AVIATION,AVIATION,0.9797,val
27980446,ACCOUNTANT,ACCOUNTANT,0.5853,val
13072019,ACCOUNTANT,CONSTRUCTION,0.8986,val
56691064,ENGINEERING,DESIGNER,0.395,val
20981299,ENGINEERING,ENGINEERING,0.8242,val
16861758,HR,HEALTHCARE,0.5031,val
30968749,DESIGNER,ENGINEERING,0.6843,val
25047127,AUTOMOBILE,ARTS,0.1394,val
15484097,DIGITAL-MEDIA,AGRICULTURE,0.2431,val
96457008,AVIATION,ENGINEERING,0.3525,val
28711616,ARTS,PUBLIC-RELATIONS,0.5226,val
30563572,HR,HR,0.9589,val
18264694,AGRICULTURE,PUBLIC-RELATIONS,0.4553,val
27090089,HEALTHCARE,TEACHER,0.2799,val
18937778,BUSINESS-DEVELOPMENT,BUSINESS-DEVELOPMENT,0.386,val
20148147,ARTS,SALES,0.3845,val
17103000,ENGINEERING,ENGINEERING,0.8739,val
25862026,ACCOUNTANT,ACCOUNTANT,0.8121,val
28628090,ENGINEERING,ENGINEERING,0.4483,val
12693146,CONSTRUCTION,CONSTRUCTION,0.9837,val
24516163,APPAREL,APPAREL,0.8436,val
22720697,FINANCE,ACCOUNTANT,0.6006,val
19201175,INFORMATION-TECHNOLOGY,APPAREL,0.3158,val
38663892,AVIATION,AVIATION,0.2424,val
29999135,ACCOUNTANT,ACCOUNTANT,0.8386,val
26961846,FINANCE,ACCOUNTANT,0.4777,val
95011061,HEALTHCARE,HEALTHCARE,0.6081,val
14106638,FINANCE,FINANCE,0.364,val
21156767,CONSULTANT,INFORMATION-TECHNOLOGY,0.3478,val
12695537,CONSTRUCTION,ENGINEERING,0.4651,val
21007083,APPAREL,APPAREL,0.3162,val
12860543,APPAREL,DESIGNER,0.9605,val
20176584,CONSULTANT,AVIATION,0.4846,val
34319869,DIGITAL-MEDIA,DIGITAL-MEDIA,0.7227,val
19374660,BANKING,ADVOCATE,0.202,val
36136569,APPAREL,APPAREL,0.4818,val
17983957,CONSULTANT,INFORMATION-TECHNOLOGY,0.6433,val
13764840,APPAREL,APPAREL,0.4059,val
19850482,INFORMATION-TECHNOLOGY,INFORMATION-TECHNOLOGY,0.6462,val
19147494,SALES,SALES,0.7644,val
39470264,ARTS,AVIATION,0.1648,val
15850434,TEACHER,TEACHER,0.9251,val
11020140,CONSULTANT,INFORMATION-TECHNOLOGY,0.6139,val
27084878,FITNESS,HEALTHCARE,0.5974,val
11635137,PUBLIC-RELATIONS,PUBLIC-RELATIONS,0.7963,val
23155093,HR,BPO,0.1708,val
24695561,ADVOCATE,INFORMATION-TECHNOLOGY,0.4283,val
75057933,ADVOCATE,ADVOCATE,0.6999,val
22968380,TEACHER,TEACHER,0.6758,val
18460045,DESIGNER,DESIGNER,0.9753,val
17189156,BANKING,BANKING,0.6934,test
25497147,FINANCE,ACCOUNTANT,0.8747,test
24553863,FINANCE,FINANCE,0.3234,test
35571205,APPAREL,APPAREL,0.2547,test
91635250,INFORMATION-TECHNOLOGY,INFORMATION-TECHNOLOGY,0.5927,test
15499825,HEALTHCARE,HEALTHCARE,0.8316,test
17562754,DIGITAL-MEDIA,DIGITAL-MEDIA,0.8336,test
27257013,PUBLIC-RELATIONS,PUBLIC-RELATIONS,0.9901,test
18172739,BANKING,BANKING,0.5487,test
18072085,FINANCE,ACCOUNTANT,0.6281,test
34033933,TEACHER,ARTS,0.2083,test
10840430,INFORMATION-TECHNOLOGY,INFORMATION-TECHNOLOGY,0.8465,test
12544735,ADVOCATE,HEALTHCARE,0.789,test
49777184,CONSULTANT,HEALTHCARE,0.3111,test
24285142,DESIGNER,DESIGNER,0.7293,test
20765795,ADVOCATE,ADVOCATE,0.2051,test
23944036,HEALTHCARE,AGRICULTURE,0.2964,test
17983430,AVIATION,SALES,0.1568,test
12613221,HEALTHCARE,ARTS,0.1473,test
11188218,ADVOCATE,AUTOMOBILE,0.5789,test
58428843,SALES,SALES,0.4025,test
21134923,AGRICULTURE,PUBLIC-RELATIONS,0.3454,test
46055835,ARTS,TEACHER,0.7443,test
17659053,APPAREL,SALES,0.2321,test
21645690,BANKING,BANKING,0.7273,test
24854026,FINANCE,BANKING,0.5715,test
21122155,FITNESS,FITNESS,0.5574,test
21568833,CONSULTANT,ACCOUNTANT,0.8719,test
14910300,PUBLIC-RELATIONS,PUBLIC-RELATIONS,0.9092,test
25422388,DESIGNER,DESIGNER,0.805,test
17342969,CONSTRUCTION,AVIATION,0.2233,test
13574264,BUSINESS-DEVELOPMENT,BUSINESS-DEVELOPMENT,0.5097,test
12144825,AVIATION,ENGINEERING,0.3991,test
27770859,INFORMATION-TECHNOLOGY,INFORMATION-TECHNOLOGY,0.3757,test
19444529,DIGITAL-MEDIA,DIGITAL-MEDIA,0.6607,test
15858254,ENGINEERING,ENGINEERING,0.7936,test
17823436,BANKING,BPO,0.3124,test
39581020,SALES,SALES,0.6958,test
27831220,CHEF,CHEF,0.9989,test
18885767,ARTS,ARTS,0.8125,test
10464113,SALES,BUSINESS-DEVELOPMENT,0.3058,test
20882041,ENGINEERING,ENGINEERING,0.7211,test
34419403,AVIATION,AUTOMOBILE,0.2696,test
28672970,INFORMATION-TECHNOLOGY,INFORMATION-TECHNOLOGY,0.8539,test
38744475,DESIGNER,APPAREL,0.5281,test
14874322,AVIATION,SALES,0.2579,test
17584743,DIGITAL-MEDIA,PUBLIC-RELATIONS,0.6971,test
55500538,AGRICULTURE,TEACHER,0.2046,test
36149549,ENGINEERING,CONSTRUCTION,0.6719,test
79376680,SALES,SALES,0.3299,test
18198627,DESIGNER,APPAREL,0.4539,test
47317494,CHEF,FINANCE,0.6333,test
28176889,CHEF,ARTS,0.3635,test
12212468,CONSTRUCTION,CONSTRUCTION,0.9807,test
13727873,PUBLIC-RELATIONS,DIGITAL-MEDIA,0.209,test
23510685,HR,HR,0.8676,test
19473948,SALES,SALES,0.4371,test
21782152,CONSTRUCTION,CONSTRUCTION,0.5312,test
18365791,ACCOUNTANT,APPAREL,0.3868,test
17658471,FITNESS,TEACHER,0.6855,test
34783330,BANKING,FINANCE,0.3427,test
96761538,FITNESS,SALES,0.3256,test
42487883,ACCOUNTANT,ACCOUNTANT,0.7565,test
98309114,HEALTHCARE,HEALTHCARE,0.2869,test
11919526,DESIGNER,INFORMATION-TECHNOLOGY,0.3844,test
36102323,AGRICULTURE,ADVOCATE,0.3296,test
21031285,ACCOUNTANT,ACCOUNTANT,0.7917,test
35603950,APPAREL,APPAREL,0.4183,test
27573855,ACCOUNTANT,ACCOUNTANT,0.7453,test
26480367,INFORMATION-TECHNOLOGY,INFORMATION-TECHNOLOGY,0.5567,test
30344127,APPAREL,ENGINEERING,0.2086,test
28377361,SALES,SALES,0.3321,test
22455205,PUBLIC-RELATIONS,FINANCE,0.1337,test
18227306,CONSULTANT,BANKING,0.2789,test
19951766,CHEF,FITNESS,0.2682,test
52684666,FITNESS,FITNESS,0.7543,test
29061628,CONSTRUCTION,DESIGNER,0.4121,test
14945250,DIGITAL-MEDIA,BUSINESS-DEVELOPMENT,0.6231,test
21856577,BANKING,BANKING,0.381,test
26994282,SALES,CONSTRUCTION,0.8666,test
74236636,ENGINEERING,CONSTRUCTION,0.4272,test
25797445,ENGINEERING,ENGINEERING,0.5964,test
27512470,AVIATION,AUTOMOBILE,0.1347,test
19936735,CONSULTANT,DIGITAL-MEDIA,0.679,test
11336022,TEACHER,TEACHER,0.523,test
25157655,ARTS,SALES,0.1906,test
31273310,BUSINESS-DEVELOPMENT,BUSINESS-DEVELOPMENT,0.5226,test
13812481,SALES,SALES,0.6592,test
23408537,HR,HR,0.6522,test
17422560,HR,HR,0.7183,test
14879257,ARTS,ARTS,0.4611,test
36856210,INFORMATION-TECHNOLOGY,INFORMATION-TECHNOLOGY,0.6676,test
17152392,AVIATION,APPAREL,0.2759,test
49997097,ACCOUNTANT,ACCOUNTANT,0.7229,test
16279537,AVIATION,AVIATION,0.5417,test
33344933,ARTS,ARTS,0.5199,test
47470864,HR,HR,0.6742,test
85417107,HEALTHCARE,HR,0.3466,test
24967652,FINANCE,BANKING,0.192,test
13264154,CHEF,CHEF,0.9189,test
26046878,APPAREL,SALES,0.7071,test
14708590,ADVOCATE,HEALTHCARE,0.563,test
32081266,ENGINEERING,INFORMATION-TECHNOLOGY,0.326,test
16804396,CHEF,CHEF,0.8884,test
24708621,FITNESS,BUSINESS-DEVELOPMENT,0.3624,test
37640804,ADVOCATE,ADVOCATE,0.242,test
32109048,AUTOMOBILE,AUTOMOBILE,0.5883,test
14517953,CONSULTANT,FINANCE,0.3358,test
28756444,CONSTRUCTION,CONSTRUCTION,0.4804,test
33176873,HR,HR,0.8336,test
23396633,BUSINESS-DEVELOPMENT,BUSINESS-DEVELOPMENT,0.3908,test
15224503,FINANCE,ACCOUNTANT,0.594,test
15575117,HR,ADVOCATE,0.3787,test
81217013,FINANCE,FINANCE,0.6032,test
21780877,INFORMATION-TECHNOLOGY,INFORMATION-TECHNOLOGY,0.5288,test
29002596,DIGITAL-MEDIA,DIGITAL-MEDIA,0.5029,test
10624813,ENGINEERING,ENGINEERING,0.3455,test
76010167,DESIGNER,ARTS,0.8949,test
21283733,DESIGNER,DESIGNER,0.4816,test
17963031,HEALTHCARE,INFORMATION-TECHNOLOGY,0.8311,test
11890896,ENGINEERING,AGRICULTURE,0.1784,test
32433431,CONSULTANT,BUSINESS-DEVELOPMENT,0.6106,test
95792386,CONSULTANT,FINANCE,0.5811,test
13520837,HR,HR,0.8211,test
49204385,ACCOUNTANT,ACCOUNTANT,0.8556,test
12239749,AVIATION,AVIATION,0.445,test
74191424,ADVOCATE,ADVOCATE,0.5422,test
62071407,ENGINEERING,ENGINEERING,0.6089,test
11065180,BANKING,BANKING,0.3921,test
13569152,CONSULTANT,CONSULTANT,0.2126,test
25625173,AVIATION,INFORMATION-TECHNOLOGY,0.5812,test
19108760,ADVOCATE,HEALTHCARE,0.5519,test
17312146,AGRICULTURE,CONSTRUCTION,0.151,test
35422305,HEALTHCARE,HEALTHCARE,0.9198,test
78538268,ADVOCATE,PUBLIC-RELATIONS,0.4257,test
16877897,HR,HR,0.7732,test
22776912,INFORMATION-TECHNOLOGY,INFORMATION-TECHNOLOGY,0.7901,test
27936502,ARTS,APPAREL,0.2831,test
12820557,SALES,APPAREL,0.9039,test
28669770,FITNESS,FITNESS,0.978,test
84295343,AUTOMOBILE,HR,0.2452,test
15636923,HEALTHCARE,FITNESS,0.9443,test
12955994,CONSULTANT,HEALTHCARE,0.3513,test
27549075,APPAREL,PUBLIC-RELATIONS,0.2688,test
76530505,FITNESS,TEACHER,0.4618,test
37750854,APPAREL,APPAREL,0.4023,test
24020470,INFORMATION-TECHNOLOGY,CONSULTANT,0.218,test
34792238,FITNESS,FITNESS,0.8218,test
14491649,ACCOUNTANT,ACCOUNTANT,0.7896,test
11797122,AUTOMOBILE,AVIATION,0.7807,test
25507648,FITNESS,AUTOMOBILE,0.1657,test
25810233,SALES,SALES,0.4866,test
16846478,BUSINESS-DEVELOPMENT,BUSINESS-DEVELOPMENT,0.8154,test
19471144,CONSTRUCTION,CONSTRUCTION,0.9838,test
27187994,CONSTRUCTION,SALES,0.2906,test
20488267,ARTS,ARTS,0.4327,test
30361788,ACCOUNTANT,ACCOUNTANT,0.6969,test
59450123,FINANCE,FINANCE,0.7619,test
19918523,TEACHER,TEACHER,0.7258,test
18001081,TEACHER,TEACHER,0.9649,test
29399491,SALES,SALES,0.6205,test
24773845,AVIATION,AVIATION,0.9038,test
23752500,ARTS,TEACHER,0.856,test
29908929,BUSINESS-DEVELOPMENT,HEALTHCARE,0.302,test
19195747,DESIGNER,DESIGNER,0.8264,test
20255404,FITNESS,BUSINESS-DEVELOPMENT,0.3526,test
18319061,ARTS,TEACHER,0.7536,test
17781039,SALES,APPAREL,0.1372,test
26581830,BUSINESS-DEVELOPMENT,AUTOMOBILE,0.3559,test
12021752,BANKING,BANKING,0.6998,test
78298706,CONSTRUCTION,CONSTRUCTION,0.9358,test
20736486,HEALTHCARE,HEALTHCARE,0.8051,test
43375498,BANKING,SALES,0.1874,test
24905947,FITNESS,AUTOMOBILE,0.3125,test
10333299,CHEF,APPAREL,0.2058,test
17688766,INFORMATION-TECHNOLOGY,INFORMATION-TECHNOLOGY,0.6162,test
26530575,FINANCE,FINANCE,0.8162,test
28916894,BUSINESS-DEVELOPMENT,BUSINESS-DEVELOPMENT,0.4332,test
29165698,FITNESS,FITNESS,0.767,test
18882984,CONSTRUCTION,BPO,0.6706,test
40882926,AGRICULTURE,PUBLIC-RELATIONS,0.8333,test
23138078,HEALTHCARE,HR,0.3497,test
11842274,PUBLIC-RELATIONS,CHEF,0.3597,test
31710562,BANKING,FINANCE,0.4676,test
25834360,HEALTHCARE,HEALTHCARE,0.7251,test
19867922,HR,HR,0.9403,test
74126637,ADVOCATE,ADVOCATE,0.6569,test
20330739,DIGITAL-MEDIA,DIGITAL-MEDIA,0.5787,test
24240349,TEACHER,PUBLIC-RELATIONS,0.2018,test
28396528,CHEF,HEALTHCARE,0.6572,test
91189201,CONSULTANT,CONSULTANT,0.2968,test
25935030,ACCOUNTANT,SALES,0.4108,test
18448085,AUTOMOBILE,CONSULTANT,0.1948,test
15210069,AUTOMOBILE,AUTOMOBILE,0.3892,test
15576950,HR,HR,0.8302,test
29134372,HEALTHCARE,AGRICULTURE,0.2644,test
15899269,TEACHER,AGRICULTURE,0.4652,test
29221006,AVIATION,HR,0.3301,test
17602815,BUSINESS-DEVELOPMENT,BUSINESS-DEVELOPMENT,0.3484,test
15699744,CONSULTANT,PUBLIC-RELATIONS,0.4944,test
59487170,FITNESS,FITNESS,0.9773,test
25824789,HR,HR,0.9628,test
28531493,PUBLIC-RELATIONS,PUBLIC-RELATIONS,0.699,test
89049979,BANKING,BANKING,0.3502,test
11759079,ACCOUNTANT,FINANCE,0.4824,test
25547145,ACCOUNTANT,SALES,0.7603,test
70750649,APPAREL,PUBLIC-RELATIONS,0.6902,test
12587973,TEACHER,BUSINESS-DEVELOPMENT,0.448,test
23438112,ACCOUNTANT,ACCOUNTANT,0.7663,test
81011612,DESIGNER,ARTS,0.2416,test
24679149,DIGITAL-MEDIA,DIGITAL-MEDIA,0.3913,test
17325147,ARTS,FITNESS,0.2603,test
25224998,CONSTRUCTION,CONSTRUCTION,0.8133,test
48285304,FINANCE,FINANCE,0.7457,test
81508860,DIGITAL-MEDIA,DIGITAL-MEDIA,0.4154,test
38698573,ADVOCATE,HR,0.4787,test
92283635,AVIATION,AVIATION,0.81,test
39608848,ARTS,PUBLIC-RELATIONS,0.7616,test
23427369,ADVOCATE,ADVOCATE,0.3137,test
27850777,BUSINESS-DEVELOPMENT,BUSINESS-DEVELOPMENT,0.837,test
30504149,DIGITAL-MEDIA,DIGITAL-MEDIA,0.9573,test
17681064,INFORMATION-TECHNOLOGY,BANKING,0.2235,test
29784524,CHEF,CHEF,0.3647,test
88691367,CONSULTANT,FINANCE,0.7203,test
25187733,CONSTRUCTION,APPAREL,0.32,test
27375577,BUSINESS-DEVELOPMENT,CONSULTANT,0.2565,test
85421438,HEALTHCARE,DIGITAL-MEDIA,0.8362,test
51209395,TEACHER,FITNESS,0.2808,test
34816637,ACCOUNTANT,ACCOUNTANT,0.7441,test
29161565,AVIATION,AVIATION,0.7126,test
23673025,PUBLIC-RELATIONS,PUBLIC-RELATIONS,0.8837,test
26130673,PUBLIC-RELATIONS,PUBLIC-RELATIONS,0.8152,test
22450718,INFORMATION-TECHNOLOGY,INFORMATION-TECHNOLOGY,0.6918,test
27888251,AGRICULTURE,AGRICULTURE,0.2835,test
54201930,DESIGNER,PUBLIC-RELATIONS,0.5275,test
18442517,DIGITAL-MEDIA,CONSULTANT,0.2471,test
26456899,ENGINEERING,ENGINEERING,0.7005,test
65864767,BANKING,BANKING,0.9304,test
28109594,DIGITAL-MEDIA,DIGITAL-MEDIA,0.5751,test
16820422,TEACHER,ARTS,0.2549,test
49937469,HR,HR,0.7453,test
28247753,AGRICULTURE,AGRICULTURE,0.3589,test
28172023,FITNESS,SALES,0.2093,test
14062078,HEALTHCARE,HEALTHCARE,0.5917,test
18208580,BANKING,BANKING,0.7732,test
34185495,BANKING,BANKING,0.8105,test
31761591,APPAREL,BUSINESS-DEVELOPMENT,0.5445,test
11616482,TEACHER,BUSINESS-DEVELOPMENT,0.1784,test
28828844,HR,HR,0.994,test
36331163,CONSTRUCTION,CONSTRUCTION,0.968,test
29990140,CHEF,AUTOMOBILE,0.2874,test
39970711,HR,HR,0.7959,test
19072267,PUBLIC-RELATIONS,PUBLIC-RELATIONS,0.5893,test
17392859,FINANCE,ACCOUNTANT,0.6605,test
54180474,ARTS,ARTS,0.4132,test
25425322,ENGINEERING,ENGINEERING,0.5917,test
29208172,BUSINESS-DEVELOPMENT,BUSINESS-DEVELOPMENT,0.5227,test
99433371,CONSTRUCTION,DESIGNER,0.7651,test
28975482,PUBLIC-RELATIONS,APPAREL,0.2861,test
27974588,FITNESS,FITNESS,0.9413,test
70603826,FITNESS,FITNESS,0.9674,test
47919212,ENGINEERING,BPO,0.2172,test
28186635,AVIATION,AVIATION,0.8944,test
11672279,BANKING,BANKING,0.748,test
66906212,TEACHER,TEACHER,0.8154,test
23719943,APPAREL,DESIGNER,0.4688,test
81310245,BUSINESS-DEVELOPMENT,BUSINESS-DEVELOPMENT,0.5055,test
31243710,INFORMATION-TECHNOLOGY,CONSULTANT,0.3985,test
15154822,APPAREL,DESIGNER,0.6344,test
21868149,AGRICULTURE,AGRICULTURE,0.2682,test
39081840,HR,HR,0.9665,test
25213006,CONSULTANT,AUTOMOBILE,0.3139,test
23636277,ACCOUNTANT,ACCOUNTANT,0.8549,test
27030979,HEALTHCARE,BPO,0.4859,test
32067700,TEACHER,TEACHER,0.7577,test
27219200,BUSINESS-DEVELOPMENT,BUSINESS-DEVELOPMENT,0.8448,test
47549345,ENGINEERING,ENGINEERING,0.8151,test
10818478,ADVOCATE,APPAREL,0.7493,test
15603319,AGRICULTURE,AGRICULTURE,0.7642,test
68216398,AVIATION,AVIATION,0.87,test
39441617,CONSULTANT,INFORMATION-TECHNOLOGY,0.7327,test
22249155,APPAREL,SALES,0.6296,test
23933031,BPO,BPO,0.3024,test
37335325,ENGINEERING,ENGINEERING,0.2888,test
31201660,CONSULTANT,BUSINESS-DEVELOPMENT,0.2259,test
13178604,SALES,SALES,0.3539,test
26942552,DESIGNER,DESIGNER,0.5796,test
98559931,ACCOUNTANT,ACCOUNTANT,0.4958,test
46772262,ADVOCATE,HEALTHCARE,0.7401,test
14861855,BUSINESS-DEVELOPMENT,BANKING,0.3359,test
25919149,ENGINEERING,ENGINEERING,0.7964,test
15425154,DESIGNER,PUBLIC-RELATIONS,0.3749,test
34303500,SALES,BUSINESS-DEVELOPMENT,0.1466,test
23807940,CHEF,CHEF,0.9909,test
43752620,ENGINEERING,ENGINEERING,0.4441,test
16500168,APPAREL,APPAREL,0.3508,test
38291889,ADVOCATE,ADVOCATE,0.1326,test
26919036,CONSULTANT,BPO,0.2125,test
35468363,CHEF,CHEF,0.9986,test
26459032,FITNESS,BANKING,0.2674,test
79663360,TEACHER,TEACHER,0.5251,test
20230207,TEACHER,ARTS,0.6885,test
13998435,DESIGNER,DESIGNER,0.9833,test
28320387,ENGINEERING,AVIATION,0.2488,test
16223371,SALES,SALES,0.2968,test
67631413,AVIATION,HR,0.4734,test
92200491,SALES,CHEF,0.5601,test
14070138,BUSINESS-DEVELOPMENT,BUSINESS-DEVELOPMENT,0.6236,test
21867728,ARTS,DIGITAL-MEDIA,0.5212,test
15564893,CONSTRUCTION,ARTS,0.5202,test
64017585,INFORMATION-TECHNOLOGY,DESIGNER,0.2785,test
14611516,PUBLIC-RELATIONS,PUBLIC-RELATIONS,0.5362,test
25128608,CHEF,CHEF,0.9992,test
49119887,PUBLIC-RELATIONS,PUBLIC-RELATIONS,0.7642,test
45077654,BPO,HEALTHCARE,0.3705,test
13593241,ADVOCATE,TEACHER,0.3696,test
62700506,DIGITAL-MEDIA,BUSINESS-DEVELOPMENT,0.3192,test
59777056,FINANCE,ACCOUNTANT,0.5148,test
27409087,FINANCE,ACCOUNTANT,0.7708,test
21614256,ADVOCATE,ADVOCATE,0.5655,test
22983516,CONSTRUCTION,TEACHER,0.3405,test
24590489,PUBLIC-RELATIONS,AUTOMOBILE,0.4622,test
38115035,ARTS,HEALTHCARE,0.2825,test
24833063,FINANCE,FINANCE,0.4814,test
34511655,DESIGNER,DESIGNER,0.6444,test
15791766,INFORMATION-TECHNOLOGY,INFORMATION-TECHNOLOGY,0.6186,test
14391434,BANKING,ADVOCATE,0.2965,test
41590605,PUBLIC-RELATIONS,PUBLIC-RELATIONS,0.6786,test
25959103,INFORMATION-TECHNOLOGY,INFORMATION-TECHNOLOGY,0.9136,test
28969385,ACCOUNTANT,ACCOUNTANT,0.8327,test
29297973,HR,HR,0.9224,test
31211074,PUBLIC-RELATIONS,SALES,0.3968,test
42332765,PUBLIC-RELATIONS,PUBLIC-RELATIONS,0.5927,test
22855060,FITNESS,FITNESS,0.8876,test
73030450,ARTS,BPO,0.4191,test
26975573,ACCOUNTANT,ACCOUNTANT,0.5183,test
34962725,HEALTHCARE,HEALTHCARE,0.5026,test
18293620,BUSINESS-DEVELOPMENT,BUSINESS-DEVELOPMENT,0.389,test
18084150,HR,HR,0.9863,test
28897981,INFORMATION-TECHNOLOGY,INFORMATION-TECHNOLOGY,0.5618,test
51363762,INFORMATION-TECHNOLOGY,INFORMATION-TECHNOLOGY,0.9496,test
14413148,FINANCE,FINANCE,0.5887,test
99806115,APPAREL,SALES,0.4806,test
18927233,DIGITAL-MEDIA,DIGITAL-MEDIA,0.7431,test
34250007,FINANCE,FINANCE,0.5169,test
38989376,AVIATION,AVIATION,0.121,test
19556300,TEACHER,TEACHER,0.9354,test
27662298,CHEF,CHEF,0.9929,test
15973307,SALES,ARTS,0.3973,test
19929506,PUBLIC-RELATIONS,PUBLIC-RELATIONS,0.9578,test
20932019,DESIGNER,ENGINEERING,0.6052,test
47133747,ADVOCATE,HEALTHCARE,0.231,test
16121387,HEALTHCARE,HEALTHCARE,0.9239,test
14346702,CONSULTANT,ADVOCATE,0.2954,test
62555739,CHEF,ADVOCATE,0.2031,test
15265464,ARTS,TEACHER,0.7556,test
12155206,CHEF,TEACHER,0.5655,test
31064969,BPO,FINANCE,0.3739,test
23032276,CHEF,CHEF,0.9949,test
32385553,BUSINESS-DEVELOPMENT,FINANCE,0.2903,test
38225199,FINANCE,BPO,0.3057,test
14937492,APPAREL,APPAREL,0.1711,test
24670867,FINANCE,ACCOUNTANT,0.6679,test
39674782,CONSTRUCTION,CONSULTANT,0.2704,test
15353911,DIGITAL-MEDIA,DESIGNER,0.7122,test
24294778,ACCOUNTANT,ACCOUNTANT,0.5252,test
11963737,ADVOCATE,HEALTHCARE,0.2686,test
22890839,ENGINEERING,CONSULTANT,0.3207,test
13774329,DESIGNER,DESIGNER,0.3159,test
29483501,CONSTRUCTION,CONSULTANT,0.3773,test
33370664,BANKING,ADVOCATE,0.6973,test
13095891,CHEF,CHEF,0.9791,test
38007664,BUSINESS-DEVELOPMENT,HEALTHCARE,0.4771,test
