ID,true_label,pred_label,confidence,text_preview
26994282,SALES,CONSTRUCTION,0.9999982793927802,         SALES       Professional Summary    Talented Construction Manager with more than twenty years of success on various projects as an Independent Contractor. Solid experience managing all levels of small to large scale projects.  Extensive experience in the preparation of complete cost estimat
70750649,APPAREL,PUBLIC-RELATIONS,0.9999343676733735,"         DIRECTOR OF PR & SOCIAL MEDIA       Executive Profile     Dynamic and results-driven Senior Public Relations Executive with  over 7 years of experience in impacting brand presence, performance and  profitability internationally. Strategic leader with notable success in  development and exec"
20230207,TEACHER,ARTS,0.9996965599492256,"         ART TEACHER       Summary     Creative and caring leader who has earned trust and respect from students, colleagues and administration for 11+ years.       Core Qualifications          Student Centered Classroom Instruction   Creative Lesson Planning and Curriculum Development   Active List"
39608848,ARTS,PUBLIC-RELATIONS,0.9995450081904922,"         MARKETING MANAGER       Summary    To use my skills, knowledge and enthusiasm to advance the public image and credibility of a business-driven company, in a manner consistent with its existing core values. Almost twenty years of experience in providing top-quality customer service, office m"
12144825,AVIATION,ENGINEERING,0.9994815324743161,"         SOFTWARE ENGINEERING CO-OP       Summary    Highly skilled  and Accomplished computer software specialist with more than 7+ years of technical experience in programming development across multiple platforms, software design, development and integration.  Advanced knowledge of MySQL, CSS, C+"
18448085,AUTOMOBILE,ENGINEERING,0.999268336239819,"         DATA ANALYST       Professional Summary    Industrial and Systems Engineering graduate, certified Base SAS Programmer and a Lean Six Sigma Green Belt with strong background in statistics, mathematics and logical problem solving looking for a dynamic opportunity in data driven fields of anal"
15636923,HEALTHCARE,FITNESS,0.9992060348876965,"         CERTIFIED PERSONAL TRAINER           Professional Summary       Certified Personal Trainer     4+ years of experience with formal training in business development, leadership, health and fitness. Extensive sales and customer service experience.Passionate about designing exercise and nutriti"
22249155,APPAREL,SALES,0.9990592281536406,         EMBROIDERY MACHINE OPERATOR       Summary    To find employment with a good reputable company with a chance to advance to the best of my  abilities and job skills.      Skills          Customer Service  Cashier   Pharmacy   Sales Associate      Embroidery machine operator  Sewing machine op
26046878,APPAREL,SALES,0.9983924371552384,"         SALES CONSULTANT           Summary    Talented sales professional who effectively multi-tasks and balances customer needs with company demands. Efficiently builds loyalty and long-term relationships with customers, while consistently reaching sales targets.        Accomplishments      Golde"
11797122,AUTOMOBILE,AVIATION,0.9981686646994155,"         AUTOMOBILE TRANSPORTER       Professional Summary     Dedicated, responsible Class A driver  with a clean driver's license. Self-motivated and customer-focused.Exceptional leader talented at leadership, communication, and management skills. Excellent team player with over 20 years of experi"
17584743,DIGITAL-MEDIA,PUBLIC-RELATIONS,0.9960439532109189,         OWNER/PRESIDENT           Professional Profile    A seasoned marketing professional who delivers results in alignment with strategic business plans by developing and executing marketing campaigns as well as managing external agencies.      Qualifications             Strategic marketing plan
85421438,HEALTHCARE,DIGITAL-MEDIA,0.9948176340227874,         PA MEDIA GROUP       Summary    Be in a position involving and utilizing my marketing and management skills and knowledge gained throughout my education and on the job experience.      Highlights        Deep understanding of Google Analytics; analyzing website traffic and trends to help mak
31761591,APPAREL,FITNESS,0.9941049388328469,         MEMBERSHIP SALES REPRESENTATIVE         Professional Profile    Motivated professional with over twenty years of experience in business management and customer service seeking Front Desk Manager position at The Claremont Club. Ability to turn around under-performing departments to create pr
13178604,SALES,FITNESS,0.9925187444893071,"         MERCHANDISER, SALES       Summary     [Job Title] equipped with the excellent negotiation skills, market insight and business acumen necessary to guide struggling and newly-formed companies to financial success.       Highlights         ❖ Organizational skills ❖ Marketing, Lead Generation ❖"
15154822,APPAREL,DESIGNER,0.9919711933049539,"       CREATIVE DIRECTOR & FASHION DESIGNER       Summary     Passionate about the fashion industry, I wish to deploy my skills by working with a dedicated and innovative team of designers and fashion professionals.  Seeking to obtain a challenging position as a fashion designer or creative director"
43375498,BANKING,FITNESS,0.9907798697307344,"         CUSTOMER SERVICE REP 1 LEAD QUALITY ASSURANCE COACH ACCOUNT RELATIONSHIP SPECIALIST ONLINE BANKING           Summary    I am a career oriented individual who wishes to further my knowledge of my company, position, any cross training possibilities, and training to progress in the company. I "
15210069,AUTOMOBILE,ADVOCATE,0.9896015616074268,         SOFTWARE SUPPORT SPECIALIST           Professional Summary     Dedicated Customer Service Representative motivated to maintain customer satisfaction and contribute to company success.       Skill Highlights          Strong organizational skills  Energetic work attitude  Telephone inquiries 
12155206,CHEF,TEACHER,0.9886927573313568,"         KINDERGARTEN TEACHER         Professional Summary       Energetic, results-oriented team-player eager to bring strong administrative skills to a growing company in need of top-level support.        High-performing Administrative Assistant with extensive experience working with a diverse cli"
15353911,DIGITAL-MEDIA,ARTS,0.9843402311743088,"         LEAD ARTIST       Summary    I'm a fast-learning and enthusiastic animator seeking professional experience. I have over 7 years of formal art training, both digital and traditional. I'm skilled at design and character animation.      Software Skills     Animation: Toon Boom Harmony, TV Pain"
12955994,CONSULTANT,HEALTHCARE,0.982252725361486,"         CONSULTANT         Summary     Versatile Management Professional trained in Insurance, Healthcare, Project Management, and Operational Leadership who thrives in dynamic, challenging and fast-paced professional environments. Assertive and enthusiastic, with extensive knowledge of risk manage"
21867728,ARTS,CONSULTANT,0.9749471977959997,"         SENIOR MARKETING AUTOMATION CONSULTANT       Summary    I am a passionate and technically-skilled marketing automation consultant, committed to building trusted relationships with clients, vendors, colleagues, and people who dream big. My mission is to empower modern marketers and organizat"
31710562,BANKING,ACCOUNTANT,0.9648443476393675,"         CORPORATE CONTROLLER           Summary      Flexible Controller who adapts seamlessly to constantly evolving accounting processes and technologies.       20 years of accounting / finance experience; leadership - staff & executive team  ​Merger & acquisition experience - international, publi"
24679149,DIGITAL-MEDIA,APPAREL,0.9628387255463975,"         DIGITAL PROJECT MANAGER         Highlights        HTML, CSS, MS Office, Magento, Simparel, Active Collab, AS400, Visuality Pro  - Familiar with Google Analytics, Photoshop, Axure and FTP systems  - Managed integrations with: KWI, Blue Cherry, Avalara, Smart Focus, Exact Target, Quiet Logist"
28176889,CHEF,TEACHER,0.9607738730022072,"         FOOD SERVER       Professional Summary     Hardworking professional with a history of exceeding expectations and delivering quantifiable results. Known for boosting company morale by fostering interdepartmental communication.       Skills     Cash handling, Professional and friendly,  Caref"
96761538,FITNESS,SALES,0.9552239948387523,         KIDS CLUB ATTENDANT       Summary     Reliable and friendly  Customer Service and Sales Associate  who quickly learns and masters new concepts and skills. Passionate about helping customers and creating a satisfying experience.        Objective    Seeking part-time/full-time position as a b
15224503,FINANCE,ACCOUNTANT,0.9550111638367194,"         SENIOR MANAGER -NATIONAL SALES FINANCE           Executive Profile     Ambitious [Job Title] who creates strategic alliances with organization leaders to effectively align with and support key business initiatives. Builds and retains high performance teams by hiring, developing and motivati"
25157655,ARTS,SALES,0.9521605507579007,"         INSIDE ACCOUNT MANAGER         Summary     Inside Account Manager with eight years experience at SHI to fill Inside Sales Team Manager position. Strong organizational, analytical, problem resolution skills and vast account knowledge.       Highlights          Team leadership  Customer servi"
13727873,PUBLIC-RELATIONS,HR,0.9442463557376823,"         MARKET ANALYST PROMOTED TO ASSISTANT DIRECTOR OF BRAND STRATEGY       Professional Summary    Dear Cristina and team, The second I found out about this position, my I found myself extremely excited. I knew right away this is something I have to be a part of, and something I'd deeply regret "
15265464,ARTS,TEACHER,0.9354615304614932,         INTERVENTION SPECIALIST TEACHER OF MATH AND LANGUAGE ARTS           Objective     To gain the position as the resource room teacher at Howell Township Public Schools.        Summary of Qualifications          Demonstrated ability to design developmentally appropriate lessons and activities 
20932019,DESIGNER,ENGINEERING,0.929973830029234,"         CAD DESIGNER         Skills          Catia V5	Solidworks  Inventor	Pro-E Wildfire 4, Creo 2.0  GD&T  Production floor support  Design for Manufacturability  Supplier support                Professional Experience     April 2013   to   Current     Company Name   City  ,   State     CAD Desig"
24611721,FINANCE,ARTS,0.9233219307912358,"         HUMAN RESOURCE/ FINANCE ANALYST           Summary    Human Resource Professional:  Seeking a challenging position that will allow me to grow professionally, which requires me to utilize my strong educational, organization, and excellent interpersonal skills.      Highlights        Microsoft"
15792052,FINANCE,CONSULTANT,0.9219906885566234,         STUDENT FINANCE CONSULTANT           Summary    Customer service oriented individual with relevant work experience and integrity looking to further my career within the accounting industry. Over four years of work experience within student finance. Excellent communication skills including l
24240349,TEACHER,BUSINESS-DEVELOPMENT,0.9195008008589772,"         SUBSTITUTE TEACHER       Summary    Administrative Assistant with 16+ years experience working with corporations, law firms, and large and small businesses in all aspects of business development and support. Seeking a professional administrative position in a dynamic, professional, educatio"
32433431,CONSULTANT,SALES,0.9086438227620639,"         CONSULTANT       Summary     Friendly and enthusiastic [Job Title] with [Number] years of specialization in [Type of Restaurant]. Able to learn new tasks quickly and proficient in growing key customer relationships. Represent establishment with friendly, professional demeanor at all times. "
39441617,CONSULTANT,INFORMATION-TECHNOLOGY,0.9054326533431829,"         IT CONSULTANT       Career Overview    Director of Information Technology More than two decades of sound IT leadership in areas including IT strategy and security; systems analysis, architecting, installation, integration and streamlining; software development and management; network design"
45077654,BPO,HEALTHCARE,0.8760518120275017,"         CLAIMS SUBJECT MATTER EXPERT         Professional Summary    Experienced Customer Service Representative with over 10 years of experience Worked in Healthcare Industry for over 8 years with Humana, Passport and Excellus BCBS of NY Successfully trained seasonal associates for Open Enrollment"
28247753,AGRICULTURE,PUBLIC-RELATIONS,0.8592389062966856,"         COMMITTEE MEMBER         Executive Profile     Result driven professional with experience in working with local and state government agencies. Organized and skilled in financial management, customer service, conflict resolution, EEO matters, contract negotiation, grant writing, and Homeland"
10818478,ADVOCATE,SALES,0.8128326281294798,"         EXPRESS SCRIPTS           Summary    Responsible and mature Retail Sales Consultant who thrives in fast-paced environments. Enjoys working as part of a team to achieve sales goals.      Accomplishments      Fulfilled all supervisory duties when Store Manager was on vacation.  Named ""Employe"
38115035,ARTS,INFORMATION-TECHNOLOGY,0.7905911523219118,"         MEDICAL BILLING SPECIALIST         Skill Highlights          Microsoft Office products such as Word, Excel, Access, and PowerPoint  Can type 60 words per minute  Experience with face-to-face customer service interaction  Experience with communications with external clients via email and con"
14391434,BANKING,CONSULTANT,0.7893173926021522,         PROGRAM ADMINISTRATOR           Executive Summary     Results-focused management professional offering 15 years of progressive leadership experience. Transforms high-potential staff into outstanding leaders who demonstrate the creativity and savvy that is critical to financial and operation
99806115,APPAREL,SALES,0.786816876197619,"           Rachel    Guardado         Summary     Polished and professional team member skilled at counting money, processing payments and building relationships with patrons. Effectively meet front-end needs with skilled merchandising, customer support and register management. Proficient in process"
95792386,CONSULTANT,FINANCE,0.7815992144607492,         CONSULTANT         Summary    Results-oriented California CPA who adapts seamlessly to constantly evolving accounting processes and technology. Capable at managing multiple projects and consistently meeting deadlines under pressure. Extensive knowledge of accounting software and processes. 
25625173,AVIATION,ENGINEERING,0.7660915647738396,"         SENIOR LEAD TECHNOLOGIST EDITOR           Professional Profile    Over 25 years of experience providing technical support and project management in the system safety and environment, safety and health disciplines.  Experience includes: MIL-STD-882 system safety programs; system safety repor"
17963031,HEALTHCARE,INFORMATION-TECHNOLOGY,0.7649129416799773,"         SYSTEM ADMINISTRATOR/ASSISTANT SUPERVISOR       Professional Background    Over 20 years of experience with a diversified background Facilitator, contingency planning, A seasoned Information Technology leader, team player, and technologist with the ability to evaluate problems, develop stra"
23752500,ARTS,TEACHER,0.7610428776008523,"         LANGUAGE ARTS TEACHER           Professional Summary    To continue working with children, as well as youth where I will be able to utilize all skills in my expertise area (elementary/middle school.)      Core Qualifications         Ability to communicate, inspire trust and confidence, and "
12587973,TEACHER,SALES,0.7426056388012964,"         SUBSTITUTE TEACHER       Summary     Receiving an education on Psychology and pursuing my teaching certification,ha been the best professional accomplishment I have achieved. The teaching in the absence of the teacher helped me understand that I have  a background to implement the strategis"
22455205,PUBLIC-RELATIONS,BANKING,0.7148457788888201,"         MANAGER         Professional Summary    Talented individual with a educational background in Economics from the University of California Irvine, seeks a career in the financial sector. Extensive knowledge in management, Microsoft applications, and economic theory. Always committed to approa"
46772262,ADVOCATE,HEALTHCARE,0.6906319510289493,         PRACTICUM EXPERIENCE       Summary      Nurse Practitioner focused on providing quality care and maintaining direct lines of communication with patients and the entire health-care team. Superb interpersonal and leadership skills and enjoys challenges and learning new concepts and skill sets
73030450,ARTS,ENGINEERING,0.6820893538394311,"         SENIOR NETWORK SECURITY ENGINEER          https://www.linkedin.com/in/dilip-nr/         Professional Summary     Overall 7+ years of experience in Network and Security Engineering which includes strong hands-on experience with Palo Alto Firewalls, Cisco ASA Firewalls, Check Point Firewalls "
12239749,AVIATION,FITNESS,0.6795516671665168,"         SPECIALIST OF INFANTRY       Professional Summary     Professional learning, occupational consultant and life-skills counselor seeking a position as a Social Services Provider. Disabled veteran and education specialist conversant with social and personal barriers to employment, civic life a"
15973307,SALES,CONSULTANT,0.6602236533739263,"         SALES CONSULTANT         Summary    A current sophomore majoring in sociology whom enjoys working and interacting with people. Technologically savvy, a quick learner, and a strong work ethic ensures great leadership as well as a great team member. Always willing to put best effort into work"
14937492,APPAREL,DIGITAL-MEDIA,0.6232976897017591,"         FRANCHISE OWNER       Career Focus    Experienced professional with skills in product development, customer service relations, department operations and organizational structure development. Extensive knowledge in hiring, training development and team building/leadership in multiple areas, "
18882984,CONSTRUCTION,BANKING,0.6155076758183717,         LOAN ASSISTANT/COMMERCIAL & CONSTRUCTION REAL ESTATE/SMALL BUSINESS LOANS       Summary    To obtain a position in the Banking/Lending field with an emphasis on customer service where I can provide added value to the company and its clients while at the same time seeking challenges to gain 
62700506,DIGITAL-MEDIA,CONSULTANT,0.6152621991502173,"         DIGITAL CONSULTANT         Summary    I am seeking a position to continue my growth in strategic leadership position in the mobile.   Continue to drive and design complex new products/services and enhancements that lead the financial industry.  Constantly ask myself and others, ""What if?""  "
33370664,BANKING,HEALTHCARE,0.5940306344365704,         CASE MANAGER         Professional Summary     Detail-oriented professional focused on developing comprehensive youth and family-related programs and services. Comprehensive background includes providing case management services to adults and youth involved with the juvenile justice system. 
40882926,AGRICULTURE,CONSULTANT,0.5937092413373711,"         COMMUNICATIONS DIRECTOR/EVENT PLANNER               Professional Experience      Communications Director/Event Planner    January 2008   to   April 2014     Company Name   －   City  ,   State      Created and launched a comprehensive communications program for Department, which  resulted in"
24708621,FITNESS,BANKING,0.5896862648908066,         PROCUREMENT ANALYST               Accomplishments      New Professional Organization Attend seminars and events relevant in today's business market.  Karass Effective Negotiating Training to develop key negotiating skills Six Sigma Yellow Belt Certification.        Professional Experience  
10333299,CHEF,CONSTRUCTION,0.5686334517744666,"         GENERAL MANAGER / EXECUTIVE CHEF       Summary     Dedicated leader with over 15-year track record as an organized administrative professional with hands-on experience supporting business areas such as accounting, database management and human resources. Collaborative team player with stron"
29161565,AVIATION,ENGINEERING,0.5667294457937148,         RADIOLOGICAL CONTROL TECHNICIAN         Professional Summary    Dynamic college student with over 3 years of nuclear experience working as a qualified radiological control technician working in the radiological control department in a variety of areas including limited facility decommission
48285304,FINANCE,BUSINESS-DEVELOPMENT,0.5624188294393321,"         FINANCE MANAGER       Summary     Skilled Operations Manager talented at improving team performance through innovative management techniques. Offers thoughtful, comprehensive and constructive feedback to staff members to promote productivity and company loyalty.        Highlights          O"
24905947,FITNESS,PUBLIC-RELATIONS,0.5599076325514881,         ACCOMMODATION SERVICE EXECUTIVE LL       Professional Summary    Customer service and sales expert who identifies customer needs and delivers solutions to problems. Driven to exceed sales and customer satisfaction goals and build long term relationships with the clients. Creates a positive 
19951766,CHEF,ARTS,0.5538245225894479,"         TABLE GAMES DEALER           Summary    Throughout the years, I've been trained to give only the best service and customer care. It is not only about doing the job right, but to make sure the customer is satisfied with their experience. I've progressed from a cashier, to a waitress, to my m"
15425154,DESIGNER,PUBLIC-RELATIONS,0.5521873322991429,"         MARKETING SPECIALIST GRAPHIC DESIGNER           Professional Summary    Accomplished, creative marketing professional with proven success in graphic design, corporate marketing communications, project and event management and print production management. Recognized for the ability to perfor"
27888251,AGRICULTURE,CONSULTANT,0.5179475561743201,"         WATER RESOURCES SPECIALIST II           Summary     Well organized Water Resources Specialist II offering four and a half years of experience in permit writing, land use planning, and development review.  Serves as Natural Resources Department lead to assist Lummi Planning and Public Works "
18442517,DIGITAL-MEDIA,INFORMATION-TECHNOLOGY,0.5177824623891714,         SOFTWARE ENGINEER           Summary     Accomplished development professional with over ten years of experience in integrating IT Operations processes with sustainable customized applications to promote team performance and efficiency gains. An apt student in programming and markup language
11890896,ENGINEERING,AGRICULTURE,0.514403815966732,"         SENIOR ENGINEERING MANAGER       Summary     Personable, patient and adaptable Math tutor with 3 years of experience tutoring K-12 and college students in Mathematics. Highly reliable and approachable person with 8 years of professional experience in people management, leadership, documenta"
81508860,DIGITAL-MEDIA,INFORMATION-TECHNOLOGY,0.50658504359001,"         DIGITAL MARKETING DIRECTOR           Summary    With a background in Marketing and Event production, I extend my passion for exploiting new ways to enhance communication and networking actions to manage business processes more effectively, and engaging in active dialogues with global client"
24590489,PUBLIC-RELATIONS,FINANCE,0.5016667296780087,"         BILLING SERVICES ASSOCIATE           Professional Summary    Detail-oriented and versatile government, commercial, and non-profit billing professional with proven ability to efficiently manage multiple assignments while meeting strict deadlines. Excels at cultivating and managing internal a"
84295343,AUTOMOBILE,ARTS,0.48276336132068104,"         LEGAL ASSISTANT       Summary     Dedicated and focused  Administrative Assistant  who excels at prioritizing, completing multiple tasks simultaneously and following through to achieve project goals. Seeking a role of increased responsibility and authority.        Highlights          Fluent"
25547145,ACCOUNTANT,SALES,0.44748778793963656,"         SUPERVISOR, ACCOUNTANT       Professional Summary    Motivated sales professional with 10+ years sales representative experience. Customer service and sales expert. Qualified with 10 plus years in fast-paced customer service and call center environments. Warehouse Worker with 1 year. Machin"
17312146,AGRICULTURE,APPAREL,0.4260077594523942,"         CONSERVATION TECHNICIAN/MAINTENANCE       Summary    To build a career in the local community and improve skills in the Biological Science field      Skills        Microsoft Word documents, Excel spreadsheets and Power Point presentations Experienced in ARC10 Geographic Information Systems "
27936502,ARTS,TEACHER,0.390919253566852,"         PACKAGING BUYER/RESEARCH AND DEVELOPMENT LEAD       Summary    Seeking a full time position in Operations, Purchasing, Inventory 			      Control, Logistics, and/or Inside Sales Management.      Highlights        Operations Training and Development		Management/Problem Solving	 Customer Serv"
25507648,FITNESS,SALES,0.38483060750157394,"         BRANCH LOGISTICS MANAGER       Executive Summary    Reliable, resourceful, dependable, flexible, goal-oriented individual. Team leader and player who works well with peers and all levels of management. Possesses excellent people organizational and communication skills. Adapts easily and qui"
22890839,ENGINEERING,INFORMATION-TECHNOLOGY,0.29258843355260084,"         CORPORATE ENGINEERING SUPPORT TECHNICIAN       Summary    TECHNICAL SUPPORT ENGINEER Technical Support  Telecom Support  Networking Support  Software/PC/LAN Troubleshooting Accomplished in Technical Support with 4 years of experience troubleshooting and maintaining user applications, workst"
15575117,HR,AGRICULTURE,0.24939383366505324,"         HR SENIOR SPECIALIST       Career Overview      Dedicated Service Representative Professional motivated to maintain customer satisfaction and contribute to company success.       Core Strengths         Excel, Data entry systems, Outlook, Microsoft systems   Amisys, Access.     Able to maste"
29990140,CHEF,ARTS,0.1828229907992401,         PROJECT MANAGER AND PHOTOGRAPHER       Summary     Executive Assistant who is skilled at multi-tasking and maintaining a strong attention to detail. Employs professionalism and superior communication skills to meet client and company needs.Highly focused and results-oriented office professi
36102323,AGRICULTURE,HEALTHCARE,0.16924874607894108,         RESEARCH MOLECULAR/RESEARCH  MICROBIOLOGIST/RESEARCH ECOLOGIST (RESEARCH ASSOCIATE)       Professional Summary     Fully credentialed LPN with experience providing compassionate care in a hospital environment.  Experienced LPN licensed in AZ with strong clinical and people skills.       Cor
